[debug] [2026-05-04T11:34:47.823Z] ----------------------------------------------------------------------
[debug] [2026-05-04T11:34:47.825Z] Command:       /opt/homebrew/Cellar/node/23.7.0/bin/node /opt/homebrew/bin/firebase deploy --only functions
[debug] [2026-05-04T11:34:47.825Z] CLI Version:   15.16.0
[debug] [2026-05-04T11:34:47.825Z] Platform:      darwin
[debug] [2026-05-04T11:34:47.825Z] Node Version:  v23.7.0
[debug] [2026-05-04T11:34:47.826Z] Time:          Mon May 04 2026 14:34:47 GMT+0300 (Eastern European Summer Time)
[debug] [2026-05-04T11:34:47.826Z] ----------------------------------------------------------------------
[debug] 
[debug] [2026-05-04T11:34:48.859Z] > command requires scopes: ["email","openid","https://www.googleapis.com/auth/cloudplatformprojects.readonly","https://www.googleapis.com/auth/firebase","https://www.googleapis.com/auth/cloud-platform"]
[debug] [2026-05-04T11:34:48.859Z] > authorizing via signed-in user (yoyo.ah360@gmail.com)
[debug] [2026-05-04T11:34:48.860Z] [iam] checking project yushef-b3534 for permissions ["cloudfunctions.functions.create","cloudfunctions.functions.delete","cloudfunctions.functions.get","cloudfunctions.functions.list","cloudfunctions.functions.update","cloudfunctions.operations.get","firebase.projects.get"]
[debug] [2026-05-04T11:34:48.861Z] Checked if tokens are valid: true, expires at: 1777896511101
[debug] [2026-05-04T11:34:48.861Z] Checked if tokens are valid: true, expires at: 1777896511101
[debug] [2026-05-04T11:34:48.862Z] >>> [apiv2][query] POST https://cloudresourcemanager.googleapis.com/v1/projects/yushef-b3534:testIamPermissions [none]
[debug] [2026-05-04T11:34:48.862Z] >>> [apiv2][(partial)header] POST https://cloudresourcemanager.googleapis.com/v1/projects/yushef-b3534:testIamPermissions  x-goog-user-project=yushef-b3534
[debug] [2026-05-04T11:34:48.862Z] >>> [apiv2][body] POST https://cloudresourcemanager.googleapis.com/v1/projects/yushef-b3534:testIamPermissions {"permissions":["cloudfunctions.functions.create","cloudfunctions.functions.delete","cloudfunctions.functions.get","cloudfunctions.functions.list","cloudfunctions.functions.update","cloudfunctions.operations.get","firebase.projects.get"]}
[debug] [2026-05-04T11:34:48.880Z] *** [apiv2] error from fetch(https://cloudresourcemanager.googleapis.com/v1/projects/yushef-b3534:testIamPermissions, {"headers":{},"method":"POST","body":"{\"permissions\":[\"cloudfunctions.functions.create\",\"cloudfunctions.functions.delete\",\"cloudfunctions.functions.get\",\"cloudfunctions.functions.list\",\"cloudfunctions.functions.update\",\"cloudfunctions.operations.get\",\"firebase.projects.get\"]}"}): FetchError: request to https://cloudresourcemanager.googleapis.com/v1/projects/yushef-b3534:testIamPermissions failed, reason: getaddrinfo ENOTFOUND cloudresourcemanager.googleapis.com
[debug] [2026-05-04T11:34:48.880Z] [iam] error while checking permissions, command may fail: Failed to make request to https://cloudresourcemanager.googleapis.com/v1/projects/yushef-b3534:testIamPermissions
[debug] [2026-05-04T11:34:48.880Z] Checked if tokens are valid: true, expires at: 1777896511101
[debug] [2026-05-04T11:34:48.880Z] Checked if tokens are valid: true, expires at: 1777896511101
[debug] [2026-05-04T11:34:48.881Z] >>> [apiv2][query] POST https://iam.googleapis.com/v1/projects/yushef-b3534/serviceAccounts/yushef-b3534@appspot.gserviceaccount.com:testIamPermissions [none]
[debug] [2026-05-04T11:34:48.881Z] >>> [apiv2][body] POST https://iam.googleapis.com/v1/projects/yushef-b3534/serviceAccounts/yushef-b3534@appspot.gserviceaccount.com:testIamPermissions {"permissions":["iam.serviceAccounts.actAs"]}
[debug] [2026-05-04T11:34:48.884Z] *** [apiv2] error from fetch(https://iam.googleapis.com/v1/projects/yushef-b3534/serviceAccounts/yushef-b3534@appspot.gserviceaccount.com:testIamPermissions, {"headers":{},"method":"POST","body":"{\"permissions\":[\"iam.serviceAccounts.actAs\"]}"}): FetchError: request to https://iam.googleapis.com/v1/projects/yushef-b3534/serviceAccounts/yushef-b3534@appspot.gserviceaccount.com:testIamPermissions failed, reason: getaddrinfo ENOTFOUND iam.googleapis.com
[debug] [2026-05-04T11:34:48.884Z] [functions] service account IAM check errored, deploy may fail: Failed to make request to https://iam.googleapis.com/v1/projects/yushef-b3534/serviceAccounts/yushef-b3534@appspot.gserviceaccount.com:testIamPermissions {"name":"FirebaseError","children":[],"exit":1,"message":"Failed to make request to https://iam.googleapis.com/v1/projects/yushef-b3534/serviceAccounts/yushef-b3534@appspot.gserviceaccount.com:testIamPermissions","original":{"message":"request to https://iam.googleapis.com/v1/projects/yushef-b3534/serviceAccounts/yushef-b3534@appspot.gserviceaccount.com:testIamPermissions failed, reason: getaddrinfo ENOTFOUND iam.googleapis.com","type":"system","errno":"ENOTFOUND","code":"ENOTFOUND"},"status":500}
[info] 
[info] === Deploying to 'yushef-b3534'...
[info] 
[info] i  deploying functions 
[debug] [2026-05-04T11:34:48.886Z] Checked if tokens are valid: true, expires at: 1777896511101
[debug] [2026-05-04T11:34:48.886Z] Checked if tokens are valid: true, expires at: 1777896511101
[debug] [2026-05-04T11:34:48.886Z] >>> [apiv2][query] GET https://cloudresourcemanager.googleapis.com/v1/projects/yushef-b3534 [none]
[debug] [2026-05-04T11:34:48.887Z] *** [apiv2] error from fetch(https://cloudresourcemanager.googleapis.com/v1/projects/yushef-b3534, {"headers":{},"method":"GET"}): FetchError: request to https://cloudresourcemanager.googleapis.com/v1/projects/yushef-b3534 failed, reason: getaddrinfo ENOTFOUND cloudresourcemanager.googleapis.com
[debug] [2026-05-04T11:34:48.891Z] FetchError: request to https://cloudresourcemanager.googleapis.com/v1/projects/yushef-b3534 failed, reason: getaddrinfo ENOTFOUND cloudresourcemanager.googleapis.com
    at ClientRequest.<anonymous> (/opt/homebrew/lib/node_modules/firebase-tools/node_modules/node-fetch/lib/index.js:1501:11)
    at ClientRequest.emit (node:events:507:28)
    at emitErrorEvent (node:_http_client:104:11)
    at TLSSocket.socketErrorListener (node:_http_client:518:5)
    at TLSSocket.emit (node:events:507:28)
    at emitErrorNT (node:internal/streams/destroy:170:8)
    at emitErrorCloseNT (node:internal/streams/destroy:129:3)
    at process.processTicksAndRejections (node:internal/process/task_queues:90:21)
[error] 
[error] Error: Failed to make request to https://cloudresourcemanager.googleapis.com/v1/projects/yushef-b3534
[debug] [2026-05-04T11:34:49.157Z] Error: EPERM: operation not permitted, open '/Users/youssefahmed/.config/configstore/firebase-tools.json.1622585132'
    at Object.openSync (node:fs:563:18)
    at Function.writeFileSync [as sync] (/opt/homebrew/lib/node_modules/firebase-tools/node_modules/write-file-atomic/index.js:205:13)
    at set all (/opt/homebrew/lib/node_modules/firebase-tools/node_modules/configstore/index.js:61:20)
    at Configstore.delete (/opt/homebrew/lib/node_modules/firebase-tools/node_modules/configstore/index.js:101:12)
    at process.<anonymous> (/opt/homebrew/lib/node_modules/firebase-tools/lib/bin/cli.js:65:45)
    at process.emit (node:events:519:35)
    at process.exit (node:internal/process/per_thread:180:15)
    at Timeout._onTimeout (/opt/homebrew/lib/node_modules/firebase-tools/lib/errorOut.js:20:17)
    at listOnTimeout (node:internal/timers:614:17)
    at process.processTimers (node:internal/timers:549:7)
[error] 
[error] Error: An unexpected error has occurred.
[debug] [2026-05-04T11:35:01.896Z] ----------------------------------------------------------------------
[debug] [2026-05-04T11:35:01.899Z] Command:       /opt/homebrew/Cellar/node/23.7.0/bin/node /opt/homebrew/bin/firebase deploy --only functions
[debug] [2026-05-04T11:35:01.899Z] CLI Version:   15.16.0
[debug] [2026-05-04T11:35:01.899Z] Platform:      darwin
[debug] [2026-05-04T11:35:01.899Z] Node Version:  v23.7.0
[debug] [2026-05-04T11:35:01.899Z] Time:          Mon May 04 2026 14:35:01 GMT+0300 (Eastern European Summer Time)
[debug] [2026-05-04T11:35:01.900Z] ----------------------------------------------------------------------
[debug] 
[debug] [2026-05-04T11:35:03.144Z] > command requires scopes: ["email","openid","https://www.googleapis.com/auth/cloudplatformprojects.readonly","https://www.googleapis.com/auth/firebase","https://www.googleapis.com/auth/cloud-platform"]
[debug] [2026-05-04T11:35:03.145Z] > authorizing via signed-in user (yoyo.ah360@gmail.com)
[debug] [2026-05-04T11:35:03.145Z] [iam] checking project yushef-b3534 for permissions ["cloudfunctions.functions.create","cloudfunctions.functions.delete","cloudfunctions.functions.get","cloudfunctions.functions.list","cloudfunctions.functions.update","cloudfunctions.operations.get","firebase.projects.get"]
[debug] [2026-05-04T11:35:03.146Z] Checked if tokens are valid: true, expires at: 1777896511101
[debug] [2026-05-04T11:35:03.146Z] Checked if tokens are valid: true, expires at: 1777896511101
[debug] [2026-05-04T11:35:03.147Z] >>> [apiv2][query] POST https://cloudresourcemanager.googleapis.com/v1/projects/yushef-b3534:testIamPermissions [none]
[debug] [2026-05-04T11:35:03.147Z] >>> [apiv2][(partial)header] POST https://cloudresourcemanager.googleapis.com/v1/projects/yushef-b3534:testIamPermissions  x-goog-user-project=yushef-b3534
[debug] [2026-05-04T11:35:03.147Z] >>> [apiv2][body] POST https://cloudresourcemanager.googleapis.com/v1/projects/yushef-b3534:testIamPermissions {"permissions":["cloudfunctions.functions.create","cloudfunctions.functions.delete","cloudfunctions.functions.get","cloudfunctions.functions.list","cloudfunctions.functions.update","cloudfunctions.operations.get","firebase.projects.get"]}
[debug] [2026-05-04T11:35:04.513Z] <<< [apiv2][status] POST https://cloudresourcemanager.googleapis.com/v1/projects/yushef-b3534:testIamPermissions 200
[debug] [2026-05-04T11:35:04.516Z] <<< [apiv2][body] POST https://cloudresourcemanager.googleapis.com/v1/projects/yushef-b3534:testIamPermissions {"permissions":["cloudfunctions.functions.create","cloudfunctions.functions.delete","cloudfunctions.functions.get","cloudfunctions.functions.list","cloudfunctions.functions.update","cloudfunctions.operations.get","firebase.projects.get"]}
[debug] [2026-05-04T11:35:04.516Z] Checked if tokens are valid: true, expires at: 1777896511101
[debug] [2026-05-04T11:35:04.516Z] Checked if tokens are valid: true, expires at: 1777896511101
[debug] [2026-05-04T11:35:04.517Z] >>> [apiv2][query] POST https://iam.googleapis.com/v1/projects/yushef-b3534/serviceAccounts/yushef-b3534@appspot.gserviceaccount.com:testIamPermissions [none]
[debug] [2026-05-04T11:35:04.517Z] >>> [apiv2][body] POST https://iam.googleapis.com/v1/projects/yushef-b3534/serviceAccounts/yushef-b3534@appspot.gserviceaccount.com:testIamPermissions {"permissions":["iam.serviceAccounts.actAs"]}
[debug] [2026-05-04T11:35:05.644Z] <<< [apiv2][status] POST https://iam.googleapis.com/v1/projects/yushef-b3534/serviceAccounts/yushef-b3534@appspot.gserviceaccount.com:testIamPermissions 200
[debug] [2026-05-04T11:35:05.645Z] <<< [apiv2][body] POST https://iam.googleapis.com/v1/projects/yushef-b3534/serviceAccounts/yushef-b3534@appspot.gserviceaccount.com:testIamPermissions {"permissions":["iam.serviceAccounts.actAs"]}
[info] 
[info] === Deploying to 'yushef-b3534'...
[info] 
[info] i  deploying functions 
[debug] [2026-05-04T11:35:05.653Z] Checked if tokens are valid: true, expires at: 1777896511101
[debug] [2026-05-04T11:35:05.653Z] Checked if tokens are valid: true, expires at: 1777896511101
[debug] [2026-05-04T11:35:05.654Z] >>> [apiv2][query] GET https://cloudresourcemanager.googleapis.com/v1/projects/yushef-b3534 [none]
[debug] [2026-05-04T11:35:05.890Z] <<< [apiv2][status] GET https://cloudresourcemanager.googleapis.com/v1/projects/yushef-b3534 200
[debug] [2026-05-04T11:35:05.891Z] <<< [apiv2][body] GET https://cloudresourcemanager.googleapis.com/v1/projects/yushef-b3534 {"projectNumber":"891752164449","projectId":"yushef-b3534","lifecycleState":"ACTIVE","name":"yushef","labels":{"firebase":"enabled","firebase-core":"disabled"},"createTime":"2026-05-01T13:17:51.618Z"}
[info] i  functions: preparing codebase default for deployment 
[info] i  functions: ensuring required API cloudfunctions.googleapis.com is enabled... 
[info] i  functions: ensuring required API cloudbuild.googleapis.com is enabled... 
[info] i  artifactregistry: ensuring required API artifactregistry.googleapis.com is enabled... 
[debug] [2026-05-04T11:35:05.892Z] Checked if tokens are valid: true, expires at: 1777896511101
[debug] [2026-05-04T11:35:05.892Z] Checked if tokens are valid: true, expires at: 1777896511101
[debug] [2026-05-04T11:35:05.892Z] >>> [apiv2][query] GET https://firebase.googleapis.com/v1beta1/projects/yushef-b3534/adminSdkConfig [none]
[debug] [2026-05-04T11:35:06.694Z] <<< [apiv2][status] GET https://firebase.googleapis.com/v1beta1/projects/yushef-b3534/adminSdkConfig 200
[debug] [2026-05-04T11:35:06.695Z] <<< [apiv2][body] GET https://firebase.googleapis.com/v1beta1/projects/yushef-b3534/adminSdkConfig {"projectId":"yushef-b3534","storageBucket":"yushef-b3534.firebasestorage.app"}
[debug] [2026-05-04T11:35:06.701Z] Validating nodejs source
[debug] [2026-05-04T11:35:07.554Z] > [functions] package.json contents: {
  "name": "functions",
  "description": "Cloud Functions for Firebase",
  "scripts": {
    "serve": "firebase emulators:start --only functions",
    "shell": "firebase functions:shell",
    "start": "npm run shell",
    "deploy": "firebase deploy --only functions",
    "logs": "firebase functions:log"
  },
  "engines": {
    "node": "24"
  },
  "main": "index.js",
  "dependencies": {
    "firebase-admin": "^13.6.0",
    "firebase-functions": "^7.0.0"
  },
  "devDependencies": {
    "firebase-functions-test": "^3.4.1"
  },
  "private": true
}
[debug] [2026-05-04T11:35:07.556Z] Building nodejs source
[info] i  functions: Loading and analyzing source code for codebase default to determine what to deploy 
[debug] [2026-05-04T11:35:07.557Z] Could not find functions.yaml. Must use http discovery
[debug] [2026-05-04T11:35:07.568Z] Found firebase-functions binary at '/Users/youssefahmed/Projects/Yushef/functions/node_modules/.bin/firebase-functions'
[info] Serving at port 8800

[debug] [2026-05-04T11:35:08.075Z] Got response from /__/functions.yaml {"endpoints":{"sendNudgeNotification":{"availableMemoryMb":null,"timeoutSeconds":null,"minInstances":null,"maxInstances":10,"ingressSettings":null,"concurrency":null,"serviceAccountEmail":null,"vpc":null,"platform":"gcfv2","labels":{},"eventTrigger":{"eventType":"google.cloud.firestore.document.v1.created","eventFilters":{"database":"(default)","namespace":"(default)"},"eventFilterPathPatterns":{"document":"couples/{coupleId}/nudges/{nudgeId}"},"retry":false},"entryPoint":"sendNudgeNotification"}},"specVersion":"v1alpha1","requiredAPIs":[],"extensions":{}}
[info] i  extensions: ensuring required API firebaseextensions.googleapis.com is enabled... 
[debug] [2026-05-04T11:35:12.107Z] > command requires scopes: ["email","openid","https://www.googleapis.com/auth/cloudplatformprojects.readonly","https://www.googleapis.com/auth/firebase","https://www.googleapis.com/auth/cloud-platform"]
[debug] [2026-05-04T11:35:12.108Z] > authorizing via signed-in user (yoyo.ah360@gmail.com)
[debug] [2026-05-04T11:35:12.108Z] [iam] checking project yushef-b3534 for permissions ["firebase.projects.get","firebaseextensions.instances.list"]
[debug] [2026-05-04T11:35:12.111Z] Checked if tokens are valid: true, expires at: 1777896511101
[debug] [2026-05-04T11:35:12.112Z] Checked if tokens are valid: true, expires at: 1777896511101
[debug] [2026-05-04T11:35:12.112Z] >>> [apiv2][query] POST https://cloudresourcemanager.googleapis.com/v1/projects/yushef-b3534:testIamPermissions [none]
[debug] [2026-05-04T11:35:12.113Z] >>> [apiv2][(partial)header] POST https://cloudresourcemanager.googleapis.com/v1/projects/yushef-b3534:testIamPermissions  x-goog-user-project=yushef-b3534
[debug] [2026-05-04T11:35:12.113Z] >>> [apiv2][body] POST https://cloudresourcemanager.googleapis.com/v1/projects/yushef-b3534:testIamPermissions {"permissions":["firebase.projects.get","firebaseextensions.instances.list"]}
[debug] [2026-05-04T11:35:12.938Z] <<< [apiv2][status] POST https://cloudresourcemanager.googleapis.com/v1/projects/yushef-b3534:testIamPermissions 200
[debug] [2026-05-04T11:35:12.942Z] <<< [apiv2][body] POST https://cloudresourcemanager.googleapis.com/v1/projects/yushef-b3534:testIamPermissions {"permissions":["firebase.projects.get","firebaseextensions.instances.list"]}
[debug] [2026-05-04T11:35:12.943Z] Checked if tokens are valid: true, expires at: 1777896511101
[debug] [2026-05-04T11:35:12.944Z] Checked if tokens are valid: true, expires at: 1777896511101
[debug] [2026-05-04T11:35:12.944Z] >>> [apiv2][query] GET https://firebaseextensions.googleapis.com/v1beta/projects/yushef-b3534/instances pageSize=100&pageToken=
[debug] [2026-05-04T11:35:13.939Z] <<< [apiv2][status] GET https://firebaseextensions.googleapis.com/v1beta/projects/yushef-b3534/instances 200
[debug] [2026-05-04T11:35:13.942Z] <<< [apiv2][body] GET https://firebaseextensions.googleapis.com/v1beta/projects/yushef-b3534/instances {}
[info] i  functions: preparing functions directory for uploading... 
[info] i  functions: packaged /Users/youssefahmed/Projects/Yushef/functions (66.92 KB) for uploading 
[debug] [2026-05-04T11:35:13.977Z] Checked if tokens are valid: true, expires at: 1777896511101
[debug] [2026-05-04T11:35:13.977Z] Checked if tokens are valid: true, expires at: 1777896511101
[debug] [2026-05-04T11:35:13.977Z] >>> [apiv2][query] GET https://cloudfunctions.googleapis.com/v1/projects/yushef-b3534/locations/-/functions [none]
[debug] [2026-05-04T11:35:14.723Z] <<< [apiv2][status] GET https://cloudfunctions.googleapis.com/v1/projects/yushef-b3534/locations/-/functions 200
[debug] [2026-05-04T11:35:14.735Z] <<< [apiv2][body] GET https://cloudfunctions.googleapis.com/v1/projects/yushef-b3534/locations/-/functions {}
[debug] [2026-05-04T11:35:14.752Z] Checked if tokens are valid: true, expires at: 1777896511101
[debug] [2026-05-04T11:35:14.752Z] Checked if tokens are valid: true, expires at: 1777896511101
[debug] [2026-05-04T11:35:14.753Z] >>> [apiv2][query] GET https://cloudfunctions.googleapis.com/v2/projects/yushef-b3534/locations/-/functions filter=environment%3D%22GEN_2%22
[debug] [2026-05-04T11:35:15.790Z] <<< [apiv2][status] GET https://cloudfunctions.googleapis.com/v2/projects/yushef-b3534/locations/-/functions 200
[debug] [2026-05-04T11:35:15.792Z] <<< [apiv2][body] GET https://cloudfunctions.googleapis.com/v2/projects/yushef-b3534/locations/-/functions {}
[debug] [2026-05-04T11:35:15.801Z] Checked if tokens are valid: true, expires at: 1777896511101
[debug] [2026-05-04T11:35:15.802Z] Checked if tokens are valid: true, expires at: 1777896511101
[debug] [2026-05-04T11:35:15.803Z] >>> [apiv2][query] GET https://firestore.googleapis.com/v1/projects/yushef-b3534/databases/(default) [none]
[debug] [2026-05-04T11:35:16.244Z] <<< [apiv2][status] GET https://firestore.googleapis.com/v1/projects/yushef-b3534/databases/(default) 200
[debug] [2026-05-04T11:35:16.246Z] <<< [apiv2][body] GET https://firestore.googleapis.com/v1/projects/yushef-b3534/databases/(default) {"name":"projects/yushef-b3534/databases/(default)","uid":"19a91c2f-2403-4784-b82d-61b26ea00072","createTime":"2026-05-01T13:31:33.820771Z","updateTime":"2026-05-01T13:31:33.820771Z","locationId":"eur3","type":"FIRESTORE_NATIVE","concurrencyMode":"PESSIMISTIC","versionRetentionPeriod":"3600s","earliestVersionTime":"2026-05-04T10:35:16.247918Z","appEngineIntegrationMode":"DISABLED","keyPrefix":"e","pointInTimeRecoveryEnablement":"POINT_IN_TIME_RECOVERY_DISABLED","deleteProtectionState":"DELETE_PROTECTION_DISABLED","databaseEdition":"STANDARD","freeTier":true,"realtimeUpdatesMode":"REALTIME_UPDATES_MODE_ENABLED","etag":"IK+W25jFn5QDMIfOmrmdmJQD"}
[info] i  functions: ensuring required API run.googleapis.com is enabled... 
[debug] [2026-05-04T11:35:16.256Z] Checked if tokens are valid: true, expires at: 1777896511101
[debug] [2026-05-04T11:35:16.256Z] Checked if tokens are valid: true, expires at: 1777896511101
[info] i  functions: ensuring required API eventarc.googleapis.com is enabled... 
[debug] [2026-05-04T11:35:16.258Z] Checked if tokens are valid: true, expires at: 1777896511101
[debug] [2026-05-04T11:35:16.259Z] Checked if tokens are valid: true, expires at: 1777896511101
[info] i  functions: ensuring required API pubsub.googleapis.com is enabled... 
[debug] [2026-05-04T11:35:16.260Z] Checked if tokens are valid: true, expires at: 1777896511101
[debug] [2026-05-04T11:35:16.260Z] Checked if tokens are valid: true, expires at: 1777896511101
[info] i  functions: ensuring required API storage.googleapis.com is enabled... 
[debug] [2026-05-04T11:35:16.261Z] Checked if tokens are valid: true, expires at: 1777896511101
[debug] [2026-05-04T11:35:16.261Z] Checked if tokens are valid: true, expires at: 1777896511101
[debug] [2026-05-04T11:35:16.262Z] >>> [apiv2][query] GET https://serviceusage.googleapis.com/v1/projects/891752164449/services/run.googleapis.com [none]
[debug] [2026-05-04T11:35:16.262Z] >>> [apiv2][(partial)header] GET https://serviceusage.googleapis.com/v1/projects/891752164449/services/run.googleapis.com  x-goog-user-project=891752164449
[debug] [2026-05-04T11:35:16.265Z] >>> [apiv2][query] GET https://serviceusage.googleapis.com/v1/projects/891752164449/services/eventarc.googleapis.com [none]
[debug] [2026-05-04T11:35:16.265Z] >>> [apiv2][(partial)header] GET https://serviceusage.googleapis.com/v1/projects/891752164449/services/eventarc.googleapis.com  x-goog-user-project=891752164449
[debug] [2026-05-04T11:35:16.267Z] >>> [apiv2][query] GET https://serviceusage.googleapis.com/v1/projects/891752164449/services/pubsub.googleapis.com [none]
[debug] [2026-05-04T11:35:16.267Z] >>> [apiv2][(partial)header] GET https://serviceusage.googleapis.com/v1/projects/891752164449/services/pubsub.googleapis.com  x-goog-user-project=891752164449
[debug] [2026-05-04T11:35:16.268Z] >>> [apiv2][query] GET https://serviceusage.googleapis.com/v1/projects/891752164449/services/storage.googleapis.com [none]
[debug] [2026-05-04T11:35:16.269Z] >>> [apiv2][(partial)header] GET https://serviceusage.googleapis.com/v1/projects/891752164449/services/storage.googleapis.com  x-goog-user-project=891752164449
[debug] [2026-05-04T11:35:17.415Z] <<< [apiv2][status] GET https://serviceusage.googleapis.com/v1/projects/891752164449/services/pubsub.googleapis.com 200
[debug] [2026-05-04T11:35:17.416Z] <<< [apiv2][body] GET https://serviceusage.googleapis.com/v1/projects/891752164449/services/pubsub.googleapis.com [omitted]
[info] ✔  functions: required API pubsub.googleapis.com is enabled 
[debug] [2026-05-04T11:35:17.436Z] <<< [apiv2][status] GET https://serviceusage.googleapis.com/v1/projects/891752164449/services/storage.googleapis.com 200
[debug] [2026-05-04T11:35:17.436Z] <<< [apiv2][body] GET https://serviceusage.googleapis.com/v1/projects/891752164449/services/storage.googleapis.com [omitted]
[info] ✔  functions: required API storage.googleapis.com is enabled 
[debug] [2026-05-04T11:35:17.443Z] <<< [apiv2][status] GET https://serviceusage.googleapis.com/v1/projects/891752164449/services/eventarc.googleapis.com 200
[debug] [2026-05-04T11:35:17.443Z] <<< [apiv2][body] GET https://serviceusage.googleapis.com/v1/projects/891752164449/services/eventarc.googleapis.com [omitted]
[warn] ⚠  functions: missing required API eventarc.googleapis.com. Enabling now... 
[debug] [2026-05-04T11:35:17.443Z] Checked if tokens are valid: true, expires at: 1777896511101
[debug] [2026-05-04T11:35:17.443Z] Checked if tokens are valid: true, expires at: 1777896511101
[debug] [2026-05-04T11:35:17.443Z] >>> [apiv2][query] POST https://serviceusage.googleapis.com/v1/projects/891752164449/services/eventarc.googleapis.com:enable [none]
[debug] [2026-05-04T11:35:17.443Z] >>> [apiv2][(partial)header] POST https://serviceusage.googleapis.com/v1/projects/891752164449/services/eventarc.googleapis.com:enable  x-goog-user-project=891752164449
[debug] [2026-05-04T11:35:17.526Z] <<< [apiv2][status] GET https://serviceusage.googleapis.com/v1/projects/891752164449/services/run.googleapis.com 200
[debug] [2026-05-04T11:35:17.526Z] <<< [apiv2][body] GET https://serviceusage.googleapis.com/v1/projects/891752164449/services/run.googleapis.com [omitted]
[warn] ⚠  functions: missing required API run.googleapis.com. Enabling now... 
[debug] [2026-05-04T11:35:17.526Z] Checked if tokens are valid: true, expires at: 1777896511101
[debug] [2026-05-04T11:35:17.526Z] Checked if tokens are valid: true, expires at: 1777896511101
[debug] [2026-05-04T11:35:17.526Z] >>> [apiv2][query] POST https://serviceusage.googleapis.com/v1/projects/891752164449/services/run.googleapis.com:enable [none]
[debug] [2026-05-04T11:35:17.526Z] >>> [apiv2][(partial)header] POST https://serviceusage.googleapis.com/v1/projects/891752164449/services/run.googleapis.com:enable  x-goog-user-project=891752164449
[debug] [2026-05-04T11:35:18.271Z] <<< [apiv2][status] POST https://serviceusage.googleapis.com/v1/projects/891752164449/services/run.googleapis.com:enable 200
[debug] [2026-05-04T11:35:18.271Z] <<< [apiv2][body] POST https://serviceusage.googleapis.com/v1/projects/891752164449/services/run.googleapis.com:enable [omitted]
[debug] [2026-05-04T11:35:19.079Z] <<< [apiv2][status] POST https://serviceusage.googleapis.com/v1/projects/891752164449/services/eventarc.googleapis.com:enable 200
[debug] [2026-05-04T11:35:19.080Z] <<< [apiv2][body] POST https://serviceusage.googleapis.com/v1/projects/891752164449/services/eventarc.googleapis.com:enable [omitted]
[info] i  functions: generating the service identity for pubsub.googleapis.com... 
[debug] [2026-05-04T11:35:29.104Z] Checked if tokens are valid: true, expires at: 1777896511101
[debug] [2026-05-04T11:35:29.104Z] Checked if tokens are valid: true, expires at: 1777896511101
[info] i  functions: generating the service identity for eventarc.googleapis.com... 
[debug] [2026-05-04T11:35:29.105Z] Checked if tokens are valid: true, expires at: 1777896511101
[debug] [2026-05-04T11:35:29.105Z] Checked if tokens are valid: true, expires at: 1777896511101
[debug] [2026-05-04T11:35:29.106Z] >>> [apiv2][query] POST https://serviceusage.googleapis.com/v1beta1/projects/891752164449/services/pubsub.googleapis.com:generateServiceIdentity [none]
[debug] [2026-05-04T11:35:29.106Z] >>> [apiv2][(partial)header] POST https://serviceusage.googleapis.com/v1beta1/projects/891752164449/services/pubsub.googleapis.com:generateServiceIdentity  x-goog-user-project=891752164449
[debug] [2026-05-04T11:35:29.106Z] >>> [apiv2][body] POST https://serviceusage.googleapis.com/v1beta1/projects/891752164449/services/pubsub.googleapis.com:generateServiceIdentity {}
[debug] [2026-05-04T11:35:29.114Z] >>> [apiv2][query] POST https://serviceusage.googleapis.com/v1beta1/projects/891752164449/services/eventarc.googleapis.com:generateServiceIdentity [none]
[debug] [2026-05-04T11:35:29.114Z] >>> [apiv2][(partial)header] POST https://serviceusage.googleapis.com/v1beta1/projects/891752164449/services/eventarc.googleapis.com:generateServiceIdentity  x-goog-user-project=891752164449
[debug] [2026-05-04T11:35:29.114Z] >>> [apiv2][body] POST https://serviceusage.googleapis.com/v1beta1/projects/891752164449/services/eventarc.googleapis.com:generateServiceIdentity {}
[debug] [2026-05-04T11:35:30.461Z] <<< [apiv2][status] POST https://serviceusage.googleapis.com/v1beta1/projects/891752164449/services/eventarc.googleapis.com:generateServiceIdentity 200
[debug] [2026-05-04T11:35:30.462Z] <<< [apiv2][body] POST https://serviceusage.googleapis.com/v1beta1/projects/891752164449/services/eventarc.googleapis.com:generateServiceIdentity {"name":"operations/finished.DONE_OPERATION","done":true,"response":{"@type":"type.googleapis.com/google.api.serviceusage.v1beta1.ServiceIdentity","email":"service-891752164449@gcp-sa-eventarc.iam.gserviceaccount.com","uniqueId":"115659295689760112449"}}
[debug] [2026-05-04T11:35:30.769Z] <<< [apiv2][status] POST https://serviceusage.googleapis.com/v1beta1/projects/891752164449/services/pubsub.googleapis.com:generateServiceIdentity 200
[debug] [2026-05-04T11:35:30.769Z] <<< [apiv2][body] POST https://serviceusage.googleapis.com/v1beta1/projects/891752164449/services/pubsub.googleapis.com:generateServiceIdentity {"name":"operations/finished.DONE_OPERATION","done":true,"response":{"@type":"type.googleapis.com/google.api.serviceusage.v1beta1.ServiceIdentity","email":"service-891752164449@gcp-sa-pubsub.iam.gserviceaccount.com","uniqueId":"105316428544227268186"}}
[debug] [2026-05-04T11:35:30.775Z] Checked if tokens are valid: true, expires at: 1777896511101
[debug] [2026-05-04T11:35:30.775Z] Checked if tokens are valid: true, expires at: 1777896511101
[debug] [2026-05-04T11:35:30.775Z] >>> [apiv2][query] GET https://compute.googleapis.com/compute/v1/projects/891752164449 [none]
[debug] [2026-05-04T11:35:31.236Z] <<< [apiv2][status] GET https://compute.googleapis.com/compute/v1/projects/891752164449 403
[debug] [2026-05-04T11:35:31.236Z] <<< [apiv2][body] GET https://compute.googleapis.com/compute/v1/projects/891752164449 {"error":{"code":403,"message":"Compute Engine API has not been used in project 891752164449 before or it is disabled. Enable it by visiting https://console.developers.google.com/apis/api/compute.googleapis.com/overview?project=891752164449 then retry. If you enabled this API recently, wait a few minutes for the action to propagate to our systems and retry.","errors":[{"message":"Compute Engine API has not been used in project 891752164449 before or it is disabled. Enable it by visiting https://console.developers.google.com/apis/api/compute.googleapis.com/overview?project=891752164449 then retry. If you enabled this API recently, wait a few minutes for the action to propagate to our systems and retry.","domain":"usageLimits","reason":"accessNotConfigured","extendedHelp":"https://console.developers.google.com"}],"status":"PERMISSION_DENIED","details":[{"@type":"type.googleapis.com/google.rpc.ErrorInfo","reason":"SERVICE_DISABLED","domain":"googleapis.com","metadata":{"service":"compute.googleapis.com","serviceTitle":"Compute Engine API","consumer":"projects/891752164449","activationUrl":"https://console.developers.google.com/apis/api/compute.googleapis.com/overview?project=891752164449","containerInfo":"891752164449"}},{"@type":"type.googleapis.com/google.rpc.LocalizedMessage","locale":"en-US","message":"Compute Engine API has not been used in project 891752164449 before or it is disabled. Enable it by visiting https://console.developers.google.com/apis/api/compute.googleapis.com/overview?project=891752164449 then retry. If you enabled this API recently, wait a few minutes for the action to propagate to our systems and retry."},{"@type":"type.googleapis.com/google.rpc.Help","links":[{"description":"Google developers console API activation","url":"https://console.developers.google.com/apis/api/compute.googleapis.com/overview?project=891752164449"}]}]}}
[debug] [2026-05-04T11:35:31.237Z] unable to look up default compute service account. Falling back to 891752164449-compute@developer.gserviceaccount.com. Error: {"name":"FirebaseError","children":[],"context":{"body":{"error":{"code":403,"message":"Compute Engine API has not been used in project 891752164449 before or it is disabled. Enable it by visiting https://console.developers.google.com/apis/api/compute.googleapis.com/overview?project=891752164449 then retry. If you enabled this API recently, wait a few minutes for the action to propagate to our systems and retry.","errors":[{"message":"Compute Engine API has not been used in project 891752164449 before or it is disabled. Enable it by visiting https://console.developers.google.com/apis/api/compute.googleapis.com/overview?project=891752164449 then retry. If you enabled this API recently, wait a few minutes for the action to propagate to our systems and retry.","domain":"usageLimits","reason":"accessNotConfigured","extendedHelp":"https://console.developers.google.com"}],"status":"PERMISSION_DENIED","details":[{"@type":"type.googleapis.com/google.rpc.ErrorInfo","reason":"SERVICE_DISABLED","domain":"googleapis.com","metadata":{"service":"compute.googleapis.com","serviceTitle":"Compute Engine API","consumer":"projects/891752164449","activationUrl":"https://console.developers.google.com/apis/api/compute.googleapis.com/overview?project=891752164449","containerInfo":"891752164449"}},{"@type":"type.googleapis.com/google.rpc.LocalizedMessage","locale":"en-US","message":"Compute Engine API has not been used in project 891752164449 before or it is disabled. Enable it by visiting https://console.developers.google.com/apis/api/compute.googleapis.com/overview?project=891752164449 then retry. If you enabled this API recently, wait a few minutes for the action to propagate to our systems and retry."},{"@type":"type.googleapis.com/google.rpc.Help","links":[{"description":"Google developers console API activation","url":"https://console.developers.google.com/apis/api/compute.googleapis.com/overview?project=891752164449"}]}]}},"response":{"statusCode":403}},"exit":1,"message":"Request to https://compute.googleapis.com/compute/v1/projects/891752164449 had HTTP Error: 403, Compute Engine API has not been used in project 891752164449 before or it is disabled. Enable it by visiting https://console.developers.google.com/apis/api/compute.googleapis.com/overview?project=891752164449 then retry. If you enabled this API recently, wait a few minutes for the action to propagate to our systems and retry.","status":403}
[debug] [2026-05-04T11:35:31.238Z] Checked if tokens are valid: true, expires at: 1777896511101
[debug] [2026-05-04T11:35:31.238Z] Checked if tokens are valid: true, expires at: 1777896511101
[debug] [2026-05-04T11:35:31.238Z] >>> [apiv2][query] POST https://cloudresourcemanager.googleapis.com/v1/projects/891752164449:getIamPolicy [none]
[debug] [2026-05-04T11:35:32.207Z] <<< [apiv2][status] POST https://cloudresourcemanager.googleapis.com/v1/projects/891752164449:getIamPolicy 200
[debug] [2026-05-04T11:35:32.208Z] <<< [apiv2][body] POST https://cloudresourcemanager.googleapis.com/v1/projects/891752164449:getIamPolicy {"version":1,"etag":"BwZQ/FNgY74=","bindings":[{"role":"roles/cloudbuild.builds.builder","members":["serviceAccount:891752164449@cloudbuild.gserviceaccount.com"]},{"role":"roles/cloudbuild.serviceAgent","members":["serviceAccount:service-891752164449@gcp-sa-cloudbuild.iam.gserviceaccount.com"]},{"role":"roles/cloudfunctions.serviceAgent","members":["serviceAccount:service-891752164449@gcf-admin-robot.iam.gserviceaccount.com"]},{"role":"roles/containerregistry.ServiceAgent","members":["serviceAccount:service-891752164449@containerregistry.iam.gserviceaccount.com"]},{"role":"roles/editor","members":["serviceAccount:891752164449@cloudservices.gserviceaccount.com","serviceAccount:yushef-b3534@appspot.gserviceaccount.com","serviceAccount:891752164449-compute@developer.gserviceaccount.com"]},{"role":"roles/firebase.managementServiceAgent","members":["serviceAccount:service-891752164449@gcp-sa-firebase.iam.gserviceaccount.com"]},{"role":"roles/firebase.sdkAdminServiceAgent","members":["serviceAccount:firebase-adminsdk-fbsvc@yushef-b3534.iam.gserviceaccount.com"]},{"role":"roles/firebaseauth.admin","members":["serviceAccount:firebase-adminsdk-fbsvc@yushef-b3534.iam.gserviceaccount.com"]},{"role":"roles/firebasemods.serviceAgent","members":["serviceAccount:service-891752164449@gcp-sa-firebasemods.iam.gserviceaccount.com"]},{"role":"roles/firebaserules.system","members":["serviceAccount:service-891752164449@firebase-rules.iam.gserviceaccount.com"]},{"role":"roles/firebasestorage.serviceAgent","members":["serviceAccount:service-891752164449@gcp-sa-firebasestorage.iam.gserviceaccount.com"]},{"role":"roles/firestore.serviceAgent","members":["serviceAccount:service-891752164449@gcp-sa-firestore.iam.gserviceaccount.com"]},{"role":"roles/iam.serviceAccountTokenCreator","members":["serviceAccount:firebase-adminsdk-fbsvc@yushef-b3534.iam.gserviceaccount.com"]},{"role":"roles/owner","members":["user:yoyo.ah360@gmail.com"]},{"role":"roles/run.serviceAgent","members":["serviceAccount:service-891752164449@serverless-robot-prod.iam.gserviceaccount.com"]},{"role":"roles/storage.admin","members":["serviceAccount:firebase-adminsdk-fbsvc@yushef-b3534.iam.gserviceaccount.com"]}]}
[debug] [2026-05-04T11:35:32.210Z] Checked if tokens are valid: true, expires at: 1777896511101
[debug] [2026-05-04T11:35:32.210Z] Checked if tokens are valid: true, expires at: 1777896511101
[debug] [2026-05-04T11:35:32.210Z] >>> [apiv2][query] POST https://cloudresourcemanager.googleapis.com/v1/projects/891752164449:setIamPolicy [none]
[debug] [2026-05-04T11:35:32.210Z] >>> [apiv2][body] POST https://cloudresourcemanager.googleapis.com/v1/projects/891752164449:setIamPolicy {"policy":{"version":1,"etag":"BwZQ/FNgY74=","bindings":[{"role":"roles/cloudbuild.builds.builder","members":["serviceAccount:891752164449@cloudbuild.gserviceaccount.com"]},{"role":"roles/cloudbuild.serviceAgent","members":["serviceAccount:service-891752164449@gcp-sa-cloudbuild.iam.gserviceaccount.com"]},{"role":"roles/cloudfunctions.serviceAgent","members":["serviceAccount:service-891752164449@gcf-admin-robot.iam.gserviceaccount.com"]},{"role":"roles/containerregistry.ServiceAgent","members":["serviceAccount:service-891752164449@containerregistry.iam.gserviceaccount.com"]},{"role":"roles/editor","members":["serviceAccount:891752164449@cloudservices.gserviceaccount.com","serviceAccount:yushef-b3534@appspot.gserviceaccount.com","serviceAccount:891752164449-compute@developer.gserviceaccount.com"]},{"role":"roles/firebase.managementServiceAgent","members":["serviceAccount:service-891752164449@gcp-sa-firebase.iam.gserviceaccount.com"]},{"role":"roles/firebase.sdkAdminServiceAgent","members":["serviceAccount:firebase-adminsdk-fbsvc@yushef-b3534.iam.gserviceaccount.com"]},{"role":"roles/firebaseauth.admin","members":["serviceAccount:firebase-adminsdk-fbsvc@yushef-b3534.iam.gserviceaccount.com"]},{"role":"roles/firebasemods.serviceAgent","members":["serviceAccount:service-891752164449@gcp-sa-firebasemods.iam.gserviceaccount.com"]},{"role":"roles/firebaserules.system","members":["serviceAccount:service-891752164449@firebase-rules.iam.gserviceaccount.com"]},{"role":"roles/firebasestorage.serviceAgent","members":["serviceAccount:service-891752164449@gcp-sa-firebasestorage.iam.gserviceaccount.com"]},{"role":"roles/firestore.serviceAgent","members":["serviceAccount:service-891752164449@gcp-sa-firestore.iam.gserviceaccount.com"]},{"role":"roles/iam.serviceAccountTokenCreator","members":["serviceAccount:firebase-adminsdk-fbsvc@yushef-b3534.iam.gserviceaccount.com","serviceAccount:service-891752164449@gcp-sa-pubsub.iam.gserviceaccount.com"]},{"role":"roles/owner","members":["user:yoyo.ah360@gmail.com"]},{"role":"roles/run.serviceAgent","members":["serviceAccount:service-891752164449@serverless-robot-prod.iam.gserviceaccount.com"]},{"role":"roles/storage.admin","members":["serviceAccount:firebase-adminsdk-fbsvc@yushef-b3534.iam.gserviceaccount.com"]},{"role":"roles/run.invoker","members":["serviceAccount:891752164449-compute@developer.gserviceaccount.com"]},{"role":"roles/eventarc.eventReceiver","members":["serviceAccount:891752164449-compute@developer.gserviceaccount.com"]}]},"updateMask":"bindings"}
[debug] [2026-05-04T11:35:33.456Z] <<< [apiv2][status] POST https://cloudresourcemanager.googleapis.com/v1/projects/891752164449:setIamPolicy 200
[debug] [2026-05-04T11:35:33.457Z] <<< [apiv2][body] POST https://cloudresourcemanager.googleapis.com/v1/projects/891752164449:setIamPolicy {"version":1,"etag":"BwZQ/FQatj0=","bindings":[{"role":"roles/cloudbuild.builds.builder","members":["serviceAccount:891752164449@cloudbuild.gserviceaccount.com"]},{"role":"roles/cloudbuild.serviceAgent","members":["serviceAccount:service-891752164449@gcp-sa-cloudbuild.iam.gserviceaccount.com"]},{"role":"roles/cloudfunctions.serviceAgent","members":["serviceAccount:service-891752164449@gcf-admin-robot.iam.gserviceaccount.com"]},{"role":"roles/containerregistry.ServiceAgent","members":["serviceAccount:service-891752164449@containerregistry.iam.gserviceaccount.com"]},{"role":"roles/editor","members":["serviceAccount:891752164449-compute@developer.gserviceaccount.com","serviceAccount:891752164449@cloudservices.gserviceaccount.com","serviceAccount:yushef-b3534@appspot.gserviceaccount.com"]},{"role":"roles/eventarc.eventReceiver","members":["serviceAccount:891752164449-compute@developer.gserviceaccount.com"]},{"role":"roles/firebase.managementServiceAgent","members":["serviceAccount:service-891752164449@gcp-sa-firebase.iam.gserviceaccount.com"]},{"role":"roles/firebase.sdkAdminServiceAgent","members":["serviceAccount:firebase-adminsdk-fbsvc@yushef-b3534.iam.gserviceaccount.com"]},{"role":"roles/firebaseauth.admin","members":["serviceAccount:firebase-adminsdk-fbsvc@yushef-b3534.iam.gserviceaccount.com"]},{"role":"roles/firebasemods.serviceAgent","members":["serviceAccount:service-891752164449@gcp-sa-firebasemods.iam.gserviceaccount.com"]},{"role":"roles/firebaserules.system","members":["serviceAccount:service-891752164449@firebase-rules.iam.gserviceaccount.com"]},{"role":"roles/firebasestorage.serviceAgent","members":["serviceAccount:service-891752164449@gcp-sa-firebasestorage.iam.gserviceaccount.com"]},{"role":"roles/firestore.serviceAgent","members":["serviceAccount:service-891752164449@gcp-sa-firestore.iam.gserviceaccount.com"]},{"role":"roles/iam.serviceAccountTokenCreator","members":["serviceAccount:firebase-adminsdk-fbsvc@yushef-b3534.iam.gserviceaccount.com","serviceAccount:service-891752164449@gcp-sa-pubsub.iam.gserviceaccount.com"]},{"role":"roles/owner","members":["user:yoyo.ah360@gmail.com"]},{"role":"roles/run.invoker","members":["serviceAccount:891752164449-compute@developer.gserviceaccount.com"]},{"role":"roles/run.serviceAgent","members":["serviceAccount:service-891752164449@serverless-robot-prod.iam.gserviceaccount.com"]},{"role":"roles/storage.admin","members":["serviceAccount:firebase-adminsdk-fbsvc@yushef-b3534.iam.gserviceaccount.com"]}]}
[debug] [2026-05-04T11:35:33.463Z] Checked if tokens are valid: true, expires at: 1777896511101
[debug] [2026-05-04T11:35:33.472Z] Checked if tokens are valid: true, expires at: 1777896511101
[debug] [2026-05-04T11:35:33.472Z] >>> [apiv2][query] GET https://cloudresourcemanager.googleapis.com/v1/projects/yushef-b3534 [none]
[debug] [2026-05-04T11:35:33.777Z] <<< [apiv2][status] GET https://cloudresourcemanager.googleapis.com/v1/projects/yushef-b3534 200
[debug] [2026-05-04T11:35:33.777Z] <<< [apiv2][body] GET https://cloudresourcemanager.googleapis.com/v1/projects/yushef-b3534 {"projectNumber":"891752164449","projectId":"yushef-b3534","lifecycleState":"ACTIVE","name":"yushef","labels":{"firebase":"enabled","firebase-core":"disabled"},"createTime":"2026-05-01T13:17:51.618Z"}
[debug] [2026-05-04T11:35:33.786Z] Checked if tokens are valid: true, expires at: 1777896511101
[debug] [2026-05-04T11:35:33.786Z] Checked if tokens are valid: true, expires at: 1777896511101
[debug] [2026-05-04T11:35:33.786Z] >>> [apiv2][query] GET https://compute.googleapis.com/compute/v1/projects/891752164449 [none]
[debug] [2026-05-04T11:35:34.005Z] <<< [apiv2][status] GET https://compute.googleapis.com/compute/v1/projects/891752164449 403
[debug] [2026-05-04T11:35:34.005Z] <<< [apiv2][body] GET https://compute.googleapis.com/compute/v1/projects/891752164449 {"error":{"code":403,"message":"Compute Engine API has not been used in project 891752164449 before or it is disabled. Enable it by visiting https://console.developers.google.com/apis/api/compute.googleapis.com/overview?project=891752164449 then retry. If you enabled this API recently, wait a few minutes for the action to propagate to our systems and retry.","errors":[{"message":"Compute Engine API has not been used in project 891752164449 before or it is disabled. Enable it by visiting https://console.developers.google.com/apis/api/compute.googleapis.com/overview?project=891752164449 then retry. If you enabled this API recently, wait a few minutes for the action to propagate to our systems and retry.","domain":"usageLimits","reason":"accessNotConfigured","extendedHelp":"https://console.developers.google.com"}],"status":"PERMISSION_DENIED","details":[{"@type":"type.googleapis.com/google.rpc.ErrorInfo","reason":"SERVICE_DISABLED","domain":"googleapis.com","metadata":{"serviceTitle":"Compute Engine API","service":"compute.googleapis.com","activationUrl":"https://console.developers.google.com/apis/api/compute.googleapis.com/overview?project=891752164449","consumer":"projects/891752164449","containerInfo":"891752164449"}},{"@type":"type.googleapis.com/google.rpc.LocalizedMessage","locale":"en-US","message":"Compute Engine API has not been used in project 891752164449 before or it is disabled. Enable it by visiting https://console.developers.google.com/apis/api/compute.googleapis.com/overview?project=891752164449 then retry. If you enabled this API recently, wait a few minutes for the action to propagate to our systems and retry."},{"@type":"type.googleapis.com/google.rpc.Help","links":[{"description":"Google developers console API activation","url":"https://console.developers.google.com/apis/api/compute.googleapis.com/overview?project=891752164449"}]}]}}
[debug] [2026-05-04T11:35:34.053Z] unable to look up default compute service account. Falling back to 891752164449-compute@developer.gserviceaccount.com. Error: {"name":"FirebaseError","children":[],"context":{"body":{"error":{"code":403,"message":"Compute Engine API has not been used in project 891752164449 before or it is disabled. Enable it by visiting https://console.developers.google.com/apis/api/compute.googleapis.com/overview?project=891752164449 then retry. If you enabled this API recently, wait a few minutes for the action to propagate to our systems and retry.","errors":[{"message":"Compute Engine API has not been used in project 891752164449 before or it is disabled. Enable it by visiting https://console.developers.google.com/apis/api/compute.googleapis.com/overview?project=891752164449 then retry. If you enabled this API recently, wait a few minutes for the action to propagate to our systems and retry.","domain":"usageLimits","reason":"accessNotConfigured","extendedHelp":"https://console.developers.google.com"}],"status":"PERMISSION_DENIED","details":[{"@type":"type.googleapis.com/google.rpc.ErrorInfo","reason":"SERVICE_DISABLED","domain":"googleapis.com","metadata":{"serviceTitle":"Compute Engine API","service":"compute.googleapis.com","activationUrl":"https://console.developers.google.com/apis/api/compute.googleapis.com/overview?project=891752164449","consumer":"projects/891752164449","containerInfo":"891752164449"}},{"@type":"type.googleapis.com/google.rpc.LocalizedMessage","locale":"en-US","message":"Compute Engine API has not been used in project 891752164449 before or it is disabled. Enable it by visiting https://console.developers.google.com/apis/api/compute.googleapis.com/overview?project=891752164449 then retry. If you enabled this API recently, wait a few minutes for the action to propagate to our systems and retry."},{"@type":"type.googleapis.com/google.rpc.Help","links":[{"description":"Google developers console API activation","url":"https://console.developers.google.com/apis/api/compute.googleapis.com/overview?project=891752164449"}]}]}},"response":{"statusCode":403}},"exit":1,"message":"Request to https://compute.googleapis.com/compute/v1/projects/891752164449 had HTTP Error: 403, Compute Engine API has not been used in project 891752164449 before or it is disabled. Enable it by visiting https://console.developers.google.com/apis/api/compute.googleapis.com/overview?project=891752164449 then retry. If you enabled this API recently, wait a few minutes for the action to propagate to our systems and retry.","status":403}
[debug] [2026-05-04T11:35:34.075Z] Checked if tokens are valid: true, expires at: 1777896511101
[debug] [2026-05-04T11:35:34.075Z] Checked if tokens are valid: true, expires at: 1777896511101
[debug] [2026-05-04T11:35:34.082Z] >>> [apiv2][query] GET https://cloudbilling.googleapis.com/v1/projects/yushef-b3534/billingInfo [none]
[debug] [2026-05-04T11:35:34.471Z] <<< [apiv2][status] GET https://cloudbilling.googleapis.com/v1/projects/yushef-b3534/billingInfo 200
[debug] [2026-05-04T11:35:34.472Z] <<< [apiv2][body] GET https://cloudbilling.googleapis.com/v1/projects/yushef-b3534/billingInfo {"name":"projects/yushef-b3534/billingInfo","projectId":"yushef-b3534","billingAccountName":"billingAccounts/012913-CDCB6B-12D9BE","billingEnabled":true}
[debug] [2026-05-04T11:35:34.480Z] Checked if tokens are valid: true, expires at: 1777896511101
[debug] [2026-05-04T11:35:34.480Z] Checked if tokens are valid: true, expires at: 1777896511101
[debug] [2026-05-04T11:35:34.480Z] >>> [apiv2][query] POST https://cloudfunctions.googleapis.com/v2/projects/yushef-b3534/locations/us-central1/functions:generateUploadUrl [none]
[debug] [2026-05-04T11:35:36.457Z] <<< [apiv2][status] POST https://cloudfunctions.googleapis.com/v2/projects/yushef-b3534/locations/us-central1/functions:generateUploadUrl 200
[debug] [2026-05-04T11:35:36.458Z] <<< [apiv2][body] POST https://cloudfunctions.googleapis.com/v2/projects/yushef-b3534/locations/us-central1/functions:generateUploadUrl {"uploadUrl":"https://storage.googleapis.com/gcf-v2-uploads-891752164449.us-central1.cloudfunctions.appspot.com/55406da8-8df1-4688-a341-d33fe5bd0ad5.zip?GoogleAccessId=service-891752164449@gcf-admin-robot.iam.gserviceaccount.com&Expires=1777896336&Signature=fD0BPE%2FoizJCcv%2F7kDE7lI8UINOt4UxEzZ9YOCzs%2BFnT01i8%2FJsORG7t5SsOAlQTakNjvPMvIMtKKaMuzNrtPIA0zACRGDkb59%2F0cycL1eV8sgdWxabtDaGzurGPAx4O%2Bpc1L8YwANhIdjX6K4I%2F0bszpvJzCqEm%2Fzr0Hks9NJqtRVJfr4SxOJQcQfSuTSzEI1ATALnEuTbwe1jq03I%2FizCYn1dusW0dacUZihvTXgYrdulR309JBbQcLy3peZsC%2BykASuI3JIUlNPY%2Bv%2BASU1zP6Q5V2CGoM5m8byDmFXHbEPVeO9d7Unh3O%2FrkJU%2B7D4vCHDvf%2B6mhFNObPqu1Pw%3D%3D","storageSource":{"bucket":"gcf-v2-uploads-891752164449.us-central1.cloudfunctions.appspot.com","object":"55406da8-8df1-4688-a341-d33fe5bd0ad5.zip"}}
[debug] [2026-05-04T11:35:36.464Z] >>> [apiv2][query] PUT https://storage.googleapis.com/gcf-v2-uploads-891752164449.us-central1.cloudfunctions.appspot.com/55406da8-8df1-4688-a341-d33fe5bd0ad5.zip GoogleAccessId=service-891752164449%40gcf-admin-robot.iam.gserviceaccount.com&Expires=1777896336&Signature=fD0BPE%2FoizJCcv%2F7kDE7lI8UINOt4UxEzZ9YOCzs%2BFnT01i8%2FJsORG7t5SsOAlQTakNjvPMvIMtKKaMuzNrtPIA0zACRGDkb59%2F0cycL1eV8sgdWxabtDaGzurGPAx4O%2Bpc1L8YwANhIdjX6K4I%2F0bszpvJzCqEm%2Fzr0Hks9NJqtRVJfr4SxOJQcQfSuTSzEI1ATALnEuTbwe1jq03I%2FizCYn1dusW0dacUZihvTXgYrdulR309JBbQcLy3peZsC%2BykASuI3JIUlNPY%2Bv%2BASU1zP6Q5V2CGoM5m8byDmFXHbEPVeO9d7Unh3O%2FrkJU%2B7D4vCHDvf%2B6mhFNObPqu1Pw%3D%3D
[debug] [2026-05-04T11:35:36.464Z] >>> [apiv2][body] PUT https://storage.googleapis.com/gcf-v2-uploads-891752164449.us-central1.cloudfunctions.appspot.com/55406da8-8df1-4688-a341-d33fe5bd0ad5.zip [stream]
[debug] [2026-05-04T11:35:37.309Z] <<< [apiv2][status] PUT https://storage.googleapis.com/gcf-v2-uploads-891752164449.us-central1.cloudfunctions.appspot.com/55406da8-8df1-4688-a341-d33fe5bd0ad5.zip 200
[debug] [2026-05-04T11:35:37.310Z] <<< [apiv2][body] PUT https://storage.googleapis.com/gcf-v2-uploads-891752164449.us-central1.cloudfunctions.appspot.com/55406da8-8df1-4688-a341-d33fe5bd0ad5.zip [omitted]
[info] ✔  functions: functions source uploaded successfully 
[info] i  functions: creating Node.js 24 (2nd Gen) function sendNudgeNotification(us-central1)... 
[debug] [2026-05-04T11:35:37.320Z] Checked if tokens are valid: true, expires at: 1777896511101
[debug] [2026-05-04T11:35:37.321Z] Checked if tokens are valid: true, expires at: 1777896511101
[debug] [2026-05-04T11:35:37.321Z] >>> [apiv2][query] POST https://cloudfunctions.googleapis.com/v2/projects/yushef-b3534/locations/us-central1/functions functionId=sendNudgeNotification
[debug] [2026-05-04T11:35:37.321Z] >>> [apiv2][body] POST https://cloudfunctions.googleapis.com/v2/projects/yushef-b3534/locations/us-central1/functions {"name":"projects/yushef-b3534/locations/us-central1/functions/sendNudgeNotification","buildConfig":{"runtime":"nodejs24","entryPoint":"sendNudgeNotification","source":{"storageSource":{"bucket":"gcf-v2-uploads-891752164449.us-central1.cloudfunctions.appspot.com","object":"55406da8-8df1-4688-a341-d33fe5bd0ad5.zip"}},"environmentVariables":{"GOOGLE_NODE_RUN_SCRIPTS":""}},"serviceConfig":{"environmentVariables":{"FIREBASE_CONFIG":"{\"projectId\":\"yushef-b3534\",\"storageBucket\":\"yushef-b3534.firebasestorage.app\"}","GCLOUD_PROJECT":"yushef-b3534","EVENTARC_CLOUD_EVENT_SOURCE":"projects/yushef-b3534/locations/us-central1/services/sendNudgeNotification","FUNCTION_SIGNATURE_TYPE":"cloudevent","FUNCTION_TARGET":"sendNudgeNotification","LOG_EXECUTION_ID":"true"},"ingressSettings":null,"timeoutSeconds":null,"serviceAccountEmail":null,"availableMemory":"256Mi","minInstanceCount":null,"maxInstanceCount":10,"maxInstanceRequestConcurrency":80,"availableCpu":"1","vpcConnector":null,"vpcConnectorEgressSettings":null,"directVpcNetworkInterface":null,"directVpcEgress":null},"labels":{"deployment-tool":"cli-firebase","firebase-functions-hash":"a9f7e9680c786df0cb14b07a6812cbcee9a9bc0b"},"eventTrigger":{"eventType":"google.cloud.firestore.document.v1.created","retryPolicy":"RETRY_POLICY_DO_NOT_RETRY","eventFilters":[{"attribute":"database","value":"(default)"},{"attribute":"namespace","value":"(default)"},{"attribute":"document","value":"couples/{coupleId}/nudges/{nudgeId}","operator":"match-path-pattern"}],"triggerRegion":"eur3"}}
[debug] [2026-05-04T11:35:55.057Z] <<< [apiv2][status] POST https://cloudfunctions.googleapis.com/v2/projects/yushef-b3534/locations/us-central1/functions 400
[debug] [2026-05-04T11:35:55.061Z] <<< [apiv2][body] POST https://cloudfunctions.googleapis.com/v2/projects/yushef-b3534/locations/us-central1/functions {"error":{"code":400,"message":"Validation failed for trigger projects/yushef-b3534/locations/eur3/triggers/sendnudgenotification-406358: Invalid resource state for \"\": Permission denied while using the Eventarc Service Agent. If you recently started to use Eventarc, it may take a few minutes before all necessary permissions are propagated to the Service Agent. Otherwise, verify that it has Eventarc Service Agent role.","status":"FAILED_PRECONDITION"}}
[warn] ⚠  functions: Request to https://cloudfunctions.googleapis.com/v2/projects/yushef-b3534/locations/us-central1/functions?functionId=sendNudgeNotification had HTTP Error: 400, Validation failed for trigger projects/yushef-b3534/locations/eur3/triggers/sendnudgenotification-406358: Invalid resource state for "": Permission denied while using the Eventarc Service Agent. If you recently started to use Eventarc, it may take a few minutes before all necessary permissions are propagated to the Service Agent. Otherwise, verify that it has Eventarc Service Agent role. 
[warn] ⚠  functions: Since this is your first time using 2nd gen functions, we need a little bit longer to finish setting everything up. Retry the deployment in a few minutes. 
[warn] ⚠  functions:  failed to create function projects/yushef-b3534/locations/us-central1/functions/sendNudgeNotification 
[error] Failed to create function projects/yushef-b3534/locations/us-central1/functions/sendNudgeNotification
[warn] ⚠  functions: Deploys failed. Skipping deletes. 
[debug] [2026-05-04T11:35:55.080Z] Total Function Deployment time: 17751
[debug] [2026-05-04T11:35:55.080Z] 1 Functions Deployed
[debug] [2026-05-04T11:35:55.080Z] 1 Functions Errored
[debug] [2026-05-04T11:35:55.080Z] 0 Function Deployments Aborted
[debug] [2026-05-04T11:35:55.080Z] Average Function Deployment time: 17749
[info] 
[info] Functions deploy had errors with the following functions:
	sendNudgeNotification(us-central1)
[debug] [2026-05-04T11:35:55.272Z] Checked if tokens are valid: true, expires at: 1777896511101
[debug] [2026-05-04T11:35:55.272Z] Checked if tokens are valid: true, expires at: 1777896511101
[debug] [2026-05-04T11:35:55.272Z] >>> [apiv2][query] GET https://artifactregistry.googleapis.com/v1/projects/yushef-b3534/locations/us-central1/repositories/gcf-artifacts [none]
[debug] [2026-05-04T11:35:56.246Z] <<< [apiv2][status] GET https://artifactregistry.googleapis.com/v1/projects/yushef-b3534/locations/us-central1/repositories/gcf-artifacts 404
[debug] [2026-05-04T11:35:56.247Z] <<< [apiv2][body] GET https://artifactregistry.googleapis.com/v1/projects/yushef-b3534/locations/us-central1/repositories/gcf-artifacts {"error":{"code":404,"message":"Requested entity was not found.","status":"NOT_FOUND"}}
[debug] [2026-05-04T11:35:56.247Z] Failed to check artifact cleanup policy for region us-central1: Request to https://artifactregistry.googleapis.com/v1/projects/yushef-b3534/locations/us-central1/repositories/gcf-artifacts had HTTP Error: 404, Requested entity was not found. {"name":"FirebaseError","children":[],"context":{"body":{"error":{"code":404,"message":"Requested entity was not found.","status":"NOT_FOUND"}},"response":{"statusCode":404}},"exit":1,"message":"Request to https://artifactregistry.googleapis.com/v1/projects/yushef-b3534/locations/us-central1/repositories/gcf-artifacts had HTTP Error: 404, Requested entity was not found.","status":404}
[debug] [2026-05-04T11:35:56.250Z] Functions deploy failed.
[debug] [2026-05-04T11:35:56.251Z] {
  "endpoint": {
    "id": "sendNudgeNotification",
    "project": "yushef-b3534",
    "region": "us-central1",
    "entryPoint": "sendNudgeNotification",
    "platform": "gcfv2",
    "runtime": "nodejs24",
    "eventTrigger": {
      "eventType": "google.cloud.firestore.document.v1.created",
      "retry": false,
      "eventFilters": {
        "database": "(default)",
        "namespace": "(default)"
      },
      "eventFilterPathPatterns": {
        "document": "couples/{coupleId}/nudges/{nudgeId}"
      },
      "region": "eur3"
    },
    "labels": {
      "deployment-tool": "cli-firebase"
    },
    "serviceAccount": null,
    "ingressSettings": null,
    "availableMemoryMb": null,
    "timeoutSeconds": null,
    "maxInstances": 10,
    "minInstances": null,
    "concurrency": 80,
    "vpc": null,
    "environmentVariables": {
      "FIREBASE_CONFIG": "{\"projectId\":\"yushef-b3534\",\"storageBucket\":\"yushef-b3534.firebasestorage.app\"}",
      "GCLOUD_PROJECT": "yushef-b3534",
      "EVENTARC_CLOUD_EVENT_SOURCE": "projects/yushef-b3534/locations/us-central1/services/sendNudgeNotification"
    },
    "codebase": "default",
    "cpu": 1,
    "targetedByOnly": false,
    "hash": "a9f7e9680c786df0cb14b07a6812cbcee9a9bc0b"
  },
  "op": "create",
  "original": {
    "name": "FirebaseError",
    "children": [],
    "context": {
      "function": "projects/yushef-b3534/locations/us-central1/functions/sendNudgeNotification"
    },
    "exit": 1,
    "message": "Failed to create function projects/yushef-b3534/locations/us-central1/functions/sendNudgeNotification",
    "original": {
      "name": "FirebaseError",
      "children": [],
      "context": {
        "body": {
          "error": {
            "code": 400,
            "message": "Validation failed for trigger projects/yushef-b3534/locations/eur3/triggers/sendnudgenotification-406358: Invalid resource state for \"\": Permission denied while using the Eventarc Service Agent. If you recently started to use Eventarc, it may take a few minutes before all necessary permissions are propagated to the Service Agent. Otherwise, verify that it has Eventarc Service Agent role.",
            "status": "FAILED_PRECONDITION"
          }
        },
        "response": {
          "statusCode": 400
        }
      },
      "exit": 1,
      "message": "Request to https://cloudfunctions.googleapis.com/v2/projects/yushef-b3534/locations/us-central1/functions?functionId=sendNudgeNotification had HTTP Error: 400, Validation failed for trigger projects/yushef-b3534/locations/eur3/triggers/sendnudgenotification-406358: Invalid resource state for \"\": Permission denied while using the Eventarc Service Agent. If you recently started to use Eventarc, it may take a few minutes before all necessary permissions are propagated to the Service Agent. Otherwise, verify that it has Eventarc Service Agent role.",
      "status": 400
    },
    "status": 400,
    "code": 400
  }
}
[debug] [2026-05-04T11:35:56.329Z] Error: Failed to create function sendNudgeNotification in region us-central1
    at /opt/homebrew/lib/node_modules/firebase-tools/lib/deploy/functions/release/fabricator.js:332:27
    at process.processTicksAndRejections (node:internal/process/task_queues:105:5)
    at async Fabricator.createV2Function (/opt/homebrew/lib/node_modules/firebase-tools/lib/deploy/functions/release/fabricator.js:311:30)
    at async Fabricator.createEndpoint (/opt/homebrew/lib/node_modules/firebase-tools/lib/deploy/functions/release/fabricator.js:153:13)
    at async Fabricator.wrapOperation (/opt/homebrew/lib/node_modules/firebase-tools/lib/deploy/functions/release/fabricator.js:138:13)
    at async Promise.all (index 0)
    at async Promise.allSettled (index 0)
    at async Fabricator.applyPlan (/opt/homebrew/lib/node_modules/firebase-tools/lib/deploy/functions/release/fabricator.js:77:45)
    at async release (/opt/homebrew/lib/node_modules/firebase-tools/lib/deploy/functions/release/index.js:87:21)
    at async chain (/opt/homebrew/lib/node_modules/firebase-tools/lib/deploy/index.js:45:9)
[error] 
[error] Error: There was an error deploying functions
[debug] [2026-05-04T11:36:14.462Z] ----------------------------------------------------------------------
[debug] [2026-05-04T11:36:14.470Z] Command:       /opt/homebrew/Cellar/node/23.7.0/bin/node /opt/homebrew/bin/firebase deploy --only functions
[debug] [2026-05-04T11:36:14.471Z] CLI Version:   15.16.0
[debug] [2026-05-04T11:36:14.471Z] Platform:      darwin
[debug] [2026-05-04T11:36:14.471Z] Node Version:  v23.7.0
[debug] [2026-05-04T11:36:14.472Z] Time:          Mon May 04 2026 14:36:14 GMT+0300 (Eastern European Summer Time)
[debug] [2026-05-04T11:36:14.472Z] ----------------------------------------------------------------------
[debug] 
[debug] [2026-05-04T11:36:15.498Z] > command requires scopes: ["email","openid","https://www.googleapis.com/auth/cloudplatformprojects.readonly","https://www.googleapis.com/auth/firebase","https://www.googleapis.com/auth/cloud-platform"]
[debug] [2026-05-04T11:36:15.498Z] > authorizing via signed-in user (yoyo.ah360@gmail.com)
[debug] [2026-05-04T11:36:15.499Z] [iam] checking project yushef-b3534 for permissions ["cloudfunctions.functions.create","cloudfunctions.functions.delete","cloudfunctions.functions.get","cloudfunctions.functions.list","cloudfunctions.functions.update","cloudfunctions.operations.get","firebase.projects.get"]
[debug] [2026-05-04T11:36:15.499Z] Checked if tokens are valid: true, expires at: 1777896511101
[debug] [2026-05-04T11:36:15.499Z] Checked if tokens are valid: true, expires at: 1777896511101
[debug] [2026-05-04T11:36:15.500Z] >>> [apiv2][query] POST https://cloudresourcemanager.googleapis.com/v1/projects/yushef-b3534:testIamPermissions [none]
[debug] [2026-05-04T11:36:15.500Z] >>> [apiv2][(partial)header] POST https://cloudresourcemanager.googleapis.com/v1/projects/yushef-b3534:testIamPermissions  x-goog-user-project=yushef-b3534
[debug] [2026-05-04T11:36:15.500Z] >>> [apiv2][body] POST https://cloudresourcemanager.googleapis.com/v1/projects/yushef-b3534:testIamPermissions {"permissions":["cloudfunctions.functions.create","cloudfunctions.functions.delete","cloudfunctions.functions.get","cloudfunctions.functions.list","cloudfunctions.functions.update","cloudfunctions.operations.get","firebase.projects.get"]}
[debug] [2026-05-04T11:36:16.418Z] <<< [apiv2][status] POST https://cloudresourcemanager.googleapis.com/v1/projects/yushef-b3534:testIamPermissions 200
[debug] [2026-05-04T11:36:16.419Z] <<< [apiv2][body] POST https://cloudresourcemanager.googleapis.com/v1/projects/yushef-b3534:testIamPermissions {"permissions":["cloudfunctions.functions.create","cloudfunctions.functions.delete","cloudfunctions.functions.get","cloudfunctions.functions.list","cloudfunctions.functions.update","cloudfunctions.operations.get","firebase.projects.get"]}
[debug] [2026-05-04T11:36:16.419Z] Checked if tokens are valid: true, expires at: 1777896511101
[debug] [2026-05-04T11:36:16.419Z] Checked if tokens are valid: true, expires at: 1777896511101
[debug] [2026-05-04T11:36:16.419Z] >>> [apiv2][query] POST https://iam.googleapis.com/v1/projects/yushef-b3534/serviceAccounts/yushef-b3534@appspot.gserviceaccount.com:testIamPermissions [none]
[debug] [2026-05-04T11:36:16.420Z] >>> [apiv2][body] POST https://iam.googleapis.com/v1/projects/yushef-b3534/serviceAccounts/yushef-b3534@appspot.gserviceaccount.com:testIamPermissions {"permissions":["iam.serviceAccounts.actAs"]}
[debug] [2026-05-04T11:36:17.360Z] <<< [apiv2][status] POST https://iam.googleapis.com/v1/projects/yushef-b3534/serviceAccounts/yushef-b3534@appspot.gserviceaccount.com:testIamPermissions 200
[debug] [2026-05-04T11:36:17.361Z] <<< [apiv2][body] POST https://iam.googleapis.com/v1/projects/yushef-b3534/serviceAccounts/yushef-b3534@appspot.gserviceaccount.com:testIamPermissions {"permissions":["iam.serviceAccounts.actAs"]}
[info] 
[info] === Deploying to 'yushef-b3534'...
[info] 
[info] i  deploying functions 
[debug] [2026-05-04T11:36:17.368Z] Checked if tokens are valid: true, expires at: 1777896511101
[debug] [2026-05-04T11:36:17.368Z] Checked if tokens are valid: true, expires at: 1777896511101
[debug] [2026-05-04T11:36:17.368Z] >>> [apiv2][query] GET https://cloudresourcemanager.googleapis.com/v1/projects/yushef-b3534 [none]
[debug] [2026-05-04T11:36:17.583Z] <<< [apiv2][status] GET https://cloudresourcemanager.googleapis.com/v1/projects/yushef-b3534 200
[debug] [2026-05-04T11:36:17.583Z] <<< [apiv2][body] GET https://cloudresourcemanager.googleapis.com/v1/projects/yushef-b3534 {"projectNumber":"891752164449","projectId":"yushef-b3534","lifecycleState":"ACTIVE","name":"yushef","labels":{"firebase":"enabled","firebase-core":"disabled"},"createTime":"2026-05-01T13:17:51.618Z"}
[info] i  functions: preparing codebase default for deployment 
[info] i  functions: ensuring required API cloudfunctions.googleapis.com is enabled... 
[info] i  functions: ensuring required API cloudbuild.googleapis.com is enabled... 
[info] i  artifactregistry: ensuring required API artifactregistry.googleapis.com is enabled... 
[debug] [2026-05-04T11:36:17.586Z] Checked if tokens are valid: true, expires at: 1777896511101
[debug] [2026-05-04T11:36:17.586Z] Checked if tokens are valid: true, expires at: 1777896511101
[debug] [2026-05-04T11:36:17.586Z] >>> [apiv2][query] GET https://firebase.googleapis.com/v1beta1/projects/yushef-b3534/adminSdkConfig [none]
[debug] [2026-05-04T11:36:18.213Z] <<< [apiv2][status] GET https://firebase.googleapis.com/v1beta1/projects/yushef-b3534/adminSdkConfig 200
[debug] [2026-05-04T11:36:18.214Z] <<< [apiv2][body] GET https://firebase.googleapis.com/v1beta1/projects/yushef-b3534/adminSdkConfig {"projectId":"yushef-b3534","storageBucket":"yushef-b3534.firebasestorage.app"}
[debug] [2026-05-04T11:36:18.222Z] Validating nodejs source
[debug] [2026-05-04T11:36:19.118Z] > [functions] package.json contents: {
  "name": "functions",
  "description": "Cloud Functions for Firebase",
  "scripts": {
    "serve": "firebase emulators:start --only functions",
    "shell": "firebase functions:shell",
    "start": "npm run shell",
    "deploy": "firebase deploy --only functions",
    "logs": "firebase functions:log"
  },
  "engines": {
    "node": "24"
  },
  "main": "index.js",
  "dependencies": {
    "firebase-admin": "^13.6.0",
    "firebase-functions": "^7.0.0"
  },
  "devDependencies": {
    "firebase-functions-test": "^3.4.1"
  },
  "private": true
}
[debug] [2026-05-04T11:36:19.119Z] Building nodejs source
[info] i  functions: Loading and analyzing source code for codebase default to determine what to deploy 
[debug] [2026-05-04T11:36:19.123Z] Could not find functions.yaml. Must use http discovery
[debug] [2026-05-04T11:36:19.138Z] Found firebase-functions binary at '/Users/youssefahmed/Projects/Yushef/functions/node_modules/.bin/firebase-functions'
[info] Serving at port 8764

[debug] [2026-05-04T11:36:19.720Z] Got response from /__/functions.yaml {"endpoints":{"sendNudgeNotification":{"availableMemoryMb":null,"timeoutSeconds":null,"minInstances":null,"maxInstances":10,"ingressSettings":null,"concurrency":null,"serviceAccountEmail":null,"vpc":null,"platform":"gcfv2","labels":{},"eventTrigger":{"eventType":"google.cloud.firestore.document.v1.created","eventFilters":{"database":"(default)","namespace":"(default)"},"eventFilterPathPatterns":{"document":"couples/{coupleId}/nudges/{nudgeId}"},"retry":false},"entryPoint":"sendNudgeNotification"}},"specVersion":"v1alpha1","requiredAPIs":[],"extensions":{}}
[info] i  extensions: ensuring required API firebaseextensions.googleapis.com is enabled... 
[debug] [2026-05-04T11:36:23.980Z] > command requires scopes: ["email","openid","https://www.googleapis.com/auth/cloudplatformprojects.readonly","https://www.googleapis.com/auth/firebase","https://www.googleapis.com/auth/cloud-platform"]
[debug] [2026-05-04T11:36:23.981Z] > authorizing via signed-in user (yoyo.ah360@gmail.com)
[debug] [2026-05-04T11:36:23.981Z] [iam] checking project yushef-b3534 for permissions ["firebase.projects.get","firebaseextensions.instances.list"]
[debug] [2026-05-04T11:36:23.981Z] Checked if tokens are valid: true, expires at: 1777896511101
[debug] [2026-05-04T11:36:23.981Z] Checked if tokens are valid: true, expires at: 1777896511101
[debug] [2026-05-04T11:36:23.981Z] >>> [apiv2][query] POST https://cloudresourcemanager.googleapis.com/v1/projects/yushef-b3534:testIamPermissions [none]
[debug] [2026-05-04T11:36:23.981Z] >>> [apiv2][(partial)header] POST https://cloudresourcemanager.googleapis.com/v1/projects/yushef-b3534:testIamPermissions  x-goog-user-project=yushef-b3534
[debug] [2026-05-04T11:36:23.981Z] >>> [apiv2][body] POST https://cloudresourcemanager.googleapis.com/v1/projects/yushef-b3534:testIamPermissions {"permissions":["firebase.projects.get","firebaseextensions.instances.list"]}
[debug] [2026-05-04T11:36:25.054Z] <<< [apiv2][status] POST https://cloudresourcemanager.googleapis.com/v1/projects/yushef-b3534:testIamPermissions 200
[debug] [2026-05-04T11:36:25.063Z] <<< [apiv2][body] POST https://cloudresourcemanager.googleapis.com/v1/projects/yushef-b3534:testIamPermissions {"permissions":["firebase.projects.get","firebaseextensions.instances.list"]}
[debug] [2026-05-04T11:36:25.100Z] Checked if tokens are valid: true, expires at: 1777896511101
[debug] [2026-05-04T11:36:25.100Z] Checked if tokens are valid: true, expires at: 1777896511101
[debug] [2026-05-04T11:36:25.101Z] >>> [apiv2][query] GET https://firebaseextensions.googleapis.com/v1beta/projects/yushef-b3534/instances pageSize=100&pageToken=
[debug] [2026-05-04T11:36:26.112Z] <<< [apiv2][status] GET https://firebaseextensions.googleapis.com/v1beta/projects/yushef-b3534/instances 200
[debug] [2026-05-04T11:36:26.112Z] <<< [apiv2][body] GET https://firebaseextensions.googleapis.com/v1beta/projects/yushef-b3534/instances {}
[info] i  functions: preparing functions directory for uploading... 
[info] i  functions: packaged /Users/youssefahmed/Projects/Yushef/functions (66.92 KB) for uploading 
[debug] [2026-05-04T11:36:26.147Z] Checked if tokens are valid: true, expires at: 1777896511101
[debug] [2026-05-04T11:36:26.147Z] Checked if tokens are valid: true, expires at: 1777896511101
[debug] [2026-05-04T11:36:26.147Z] >>> [apiv2][query] GET https://cloudfunctions.googleapis.com/v1/projects/yushef-b3534/locations/-/functions [none]
[debug] [2026-05-04T11:36:26.986Z] <<< [apiv2][status] GET https://cloudfunctions.googleapis.com/v1/projects/yushef-b3534/locations/-/functions 200
[debug] [2026-05-04T11:36:26.989Z] <<< [apiv2][body] GET https://cloudfunctions.googleapis.com/v1/projects/yushef-b3534/locations/-/functions {}
[debug] [2026-05-04T11:36:26.993Z] Checked if tokens are valid: true, expires at: 1777896511101
[debug] [2026-05-04T11:36:26.993Z] Checked if tokens are valid: true, expires at: 1777896511101
[debug] [2026-05-04T11:36:26.994Z] >>> [apiv2][query] GET https://cloudfunctions.googleapis.com/v2/projects/yushef-b3534/locations/-/functions filter=environment%3D%22GEN_2%22
[debug] [2026-05-04T11:36:28.116Z] <<< [apiv2][status] GET https://cloudfunctions.googleapis.com/v2/projects/yushef-b3534/locations/-/functions 200
[debug] [2026-05-04T11:36:28.117Z] <<< [apiv2][body] GET https://cloudfunctions.googleapis.com/v2/projects/yushef-b3534/locations/-/functions {}
[debug] [2026-05-04T11:36:28.121Z] Checked if tokens are valid: true, expires at: 1777896511101
[debug] [2026-05-04T11:36:28.121Z] Checked if tokens are valid: true, expires at: 1777896511101
[debug] [2026-05-04T11:36:28.122Z] >>> [apiv2][query] GET https://firestore.googleapis.com/v1/projects/yushef-b3534/databases/(default) [none]
[debug] [2026-05-04T11:36:28.441Z] <<< [apiv2][status] GET https://firestore.googleapis.com/v1/projects/yushef-b3534/databases/(default) 200
[debug] [2026-05-04T11:36:28.441Z] <<< [apiv2][body] GET https://firestore.googleapis.com/v1/projects/yushef-b3534/databases/(default) {"name":"projects/yushef-b3534/databases/(default)","uid":"19a91c2f-2403-4784-b82d-61b26ea00072","createTime":"2026-05-01T13:31:33.820771Z","updateTime":"2026-05-01T13:31:33.820771Z","locationId":"eur3","type":"FIRESTORE_NATIVE","concurrencyMode":"PESSIMISTIC","versionRetentionPeriod":"3600s","earliestVersionTime":"2026-05-04T10:36:28.483227Z","appEngineIntegrationMode":"DISABLED","keyPrefix":"e","pointInTimeRecoveryEnablement":"POINT_IN_TIME_RECOVERY_DISABLED","deleteProtectionState":"DELETE_PROTECTION_DISABLED","databaseEdition":"STANDARD","freeTier":true,"realtimeUpdatesMode":"REALTIME_UPDATES_MODE_ENABLED","etag":"IKWIlLvFn5QDMIfOmrmdmJQD"}
[info] i  functions: ensuring required API run.googleapis.com is enabled... 
[info] i  functions: ensuring required API eventarc.googleapis.com is enabled... 
[info] i  functions: ensuring required API pubsub.googleapis.com is enabled... 
[info] i  functions: ensuring required API storage.googleapis.com is enabled... 
[info] i  functions: generating the service identity for pubsub.googleapis.com... 
[debug] [2026-05-04T11:36:28.449Z] Checked if tokens are valid: true, expires at: 1777896511101
[debug] [2026-05-04T11:36:28.449Z] Checked if tokens are valid: true, expires at: 1777896511101
[info] i  functions: generating the service identity for eventarc.googleapis.com... 
[debug] [2026-05-04T11:36:28.449Z] Checked if tokens are valid: true, expires at: 1777896511101
[debug] [2026-05-04T11:36:28.449Z] Checked if tokens are valid: true, expires at: 1777896511101
[debug] [2026-05-04T11:36:28.449Z] >>> [apiv2][query] POST https://serviceusage.googleapis.com/v1beta1/projects/891752164449/services/pubsub.googleapis.com:generateServiceIdentity [none]
[debug] [2026-05-04T11:36:28.449Z] >>> [apiv2][(partial)header] POST https://serviceusage.googleapis.com/v1beta1/projects/891752164449/services/pubsub.googleapis.com:generateServiceIdentity  x-goog-user-project=891752164449
[debug] [2026-05-04T11:36:28.449Z] >>> [apiv2][body] POST https://serviceusage.googleapis.com/v1beta1/projects/891752164449/services/pubsub.googleapis.com:generateServiceIdentity {}
[debug] [2026-05-04T11:36:28.450Z] >>> [apiv2][query] POST https://serviceusage.googleapis.com/v1beta1/projects/891752164449/services/eventarc.googleapis.com:generateServiceIdentity [none]
[debug] [2026-05-04T11:36:28.451Z] >>> [apiv2][(partial)header] POST https://serviceusage.googleapis.com/v1beta1/projects/891752164449/services/eventarc.googleapis.com:generateServiceIdentity  x-goog-user-project=891752164449
[debug] [2026-05-04T11:36:28.451Z] >>> [apiv2][body] POST https://serviceusage.googleapis.com/v1beta1/projects/891752164449/services/eventarc.googleapis.com:generateServiceIdentity {}
[debug] [2026-05-04T11:36:29.402Z] <<< [apiv2][status] POST https://serviceusage.googleapis.com/v1beta1/projects/891752164449/services/pubsub.googleapis.com:generateServiceIdentity 200
[debug] [2026-05-04T11:36:29.402Z] <<< [apiv2][body] POST https://serviceusage.googleapis.com/v1beta1/projects/891752164449/services/pubsub.googleapis.com:generateServiceIdentity {"name":"operations/finished.DONE_OPERATION","done":true,"response":{"@type":"type.googleapis.com/google.api.serviceusage.v1beta1.ServiceIdentity","email":"service-891752164449@gcp-sa-pubsub.iam.gserviceaccount.com","uniqueId":"105316428544227268186"}}
[debug] [2026-05-04T11:36:29.490Z] <<< [apiv2][status] POST https://serviceusage.googleapis.com/v1beta1/projects/891752164449/services/eventarc.googleapis.com:generateServiceIdentity 200
[debug] [2026-05-04T11:36:29.490Z] <<< [apiv2][body] POST https://serviceusage.googleapis.com/v1beta1/projects/891752164449/services/eventarc.googleapis.com:generateServiceIdentity {"name":"operations/finished.DONE_OPERATION","done":true,"response":{"@type":"type.googleapis.com/google.api.serviceusage.v1beta1.ServiceIdentity","email":"service-891752164449@gcp-sa-eventarc.iam.gserviceaccount.com","uniqueId":"115659295689760112449"}}
[debug] [2026-05-04T11:36:29.493Z] Checked if tokens are valid: true, expires at: 1777896511101
[debug] [2026-05-04T11:36:29.493Z] Checked if tokens are valid: true, expires at: 1777896511101
[debug] [2026-05-04T11:36:29.493Z] >>> [apiv2][query] GET https://compute.googleapis.com/compute/v1/projects/891752164449 [none]
[debug] [2026-05-04T11:36:29.852Z] <<< [apiv2][status] GET https://compute.googleapis.com/compute/v1/projects/891752164449 403
[debug] [2026-05-04T11:36:29.852Z] <<< [apiv2][body] GET https://compute.googleapis.com/compute/v1/projects/891752164449 {"error":{"code":403,"message":"Compute Engine API has not been used in project 891752164449 before or it is disabled. Enable it by visiting https://console.developers.google.com/apis/api/compute.googleapis.com/overview?project=891752164449 then retry. If you enabled this API recently, wait a few minutes for the action to propagate to our systems and retry.","errors":[{"message":"Compute Engine API has not been used in project 891752164449 before or it is disabled. Enable it by visiting https://console.developers.google.com/apis/api/compute.googleapis.com/overview?project=891752164449 then retry. If you enabled this API recently, wait a few minutes for the action to propagate to our systems and retry.","domain":"usageLimits","reason":"accessNotConfigured","extendedHelp":"https://console.developers.google.com"}],"status":"PERMISSION_DENIED","details":[{"@type":"type.googleapis.com/google.rpc.ErrorInfo","reason":"SERVICE_DISABLED","domain":"googleapis.com","metadata":{"activationUrl":"https://console.developers.google.com/apis/api/compute.googleapis.com/overview?project=891752164449","consumer":"projects/891752164449","serviceTitle":"Compute Engine API","containerInfo":"891752164449","service":"compute.googleapis.com"}},{"@type":"type.googleapis.com/google.rpc.LocalizedMessage","locale":"en-US","message":"Compute Engine API has not been used in project 891752164449 before or it is disabled. Enable it by visiting https://console.developers.google.com/apis/api/compute.googleapis.com/overview?project=891752164449 then retry. If you enabled this API recently, wait a few minutes for the action to propagate to our systems and retry."},{"@type":"type.googleapis.com/google.rpc.Help","links":[{"description":"Google developers console API activation","url":"https://console.developers.google.com/apis/api/compute.googleapis.com/overview?project=891752164449"}]}]}}
[debug] [2026-05-04T11:36:29.852Z] unable to look up default compute service account. Falling back to 891752164449-compute@developer.gserviceaccount.com. Error: {"name":"FirebaseError","children":[],"context":{"body":{"error":{"code":403,"message":"Compute Engine API has not been used in project 891752164449 before or it is disabled. Enable it by visiting https://console.developers.google.com/apis/api/compute.googleapis.com/overview?project=891752164449 then retry. If you enabled this API recently, wait a few minutes for the action to propagate to our systems and retry.","errors":[{"message":"Compute Engine API has not been used in project 891752164449 before or it is disabled. Enable it by visiting https://console.developers.google.com/apis/api/compute.googleapis.com/overview?project=891752164449 then retry. If you enabled this API recently, wait a few minutes for the action to propagate to our systems and retry.","domain":"usageLimits","reason":"accessNotConfigured","extendedHelp":"https://console.developers.google.com"}],"status":"PERMISSION_DENIED","details":[{"@type":"type.googleapis.com/google.rpc.ErrorInfo","reason":"SERVICE_DISABLED","domain":"googleapis.com","metadata":{"activationUrl":"https://console.developers.google.com/apis/api/compute.googleapis.com/overview?project=891752164449","consumer":"projects/891752164449","serviceTitle":"Compute Engine API","containerInfo":"891752164449","service":"compute.googleapis.com"}},{"@type":"type.googleapis.com/google.rpc.LocalizedMessage","locale":"en-US","message":"Compute Engine API has not been used in project 891752164449 before or it is disabled. Enable it by visiting https://console.developers.google.com/apis/api/compute.googleapis.com/overview?project=891752164449 then retry. If you enabled this API recently, wait a few minutes for the action to propagate to our systems and retry."},{"@type":"type.googleapis.com/google.rpc.Help","links":[{"description":"Google developers console API activation","url":"https://console.developers.google.com/apis/api/compute.googleapis.com/overview?project=891752164449"}]}]}},"response":{"statusCode":403}},"exit":1,"message":"Request to https://compute.googleapis.com/compute/v1/projects/891752164449 had HTTP Error: 403, Compute Engine API has not been used in project 891752164449 before or it is disabled. Enable it by visiting https://console.developers.google.com/apis/api/compute.googleapis.com/overview?project=891752164449 then retry. If you enabled this API recently, wait a few minutes for the action to propagate to our systems and retry.","status":403}
[debug] [2026-05-04T11:36:29.854Z] Checked if tokens are valid: true, expires at: 1777896511101
[debug] [2026-05-04T11:36:29.854Z] Checked if tokens are valid: true, expires at: 1777896511101
[debug] [2026-05-04T11:36:29.855Z] >>> [apiv2][query] POST https://cloudresourcemanager.googleapis.com/v1/projects/891752164449:getIamPolicy [none]
[debug] [2026-05-04T11:36:30.140Z] <<< [apiv2][status] POST https://cloudresourcemanager.googleapis.com/v1/projects/891752164449:getIamPolicy 200
[debug] [2026-05-04T11:36:30.140Z] <<< [apiv2][body] POST https://cloudresourcemanager.googleapis.com/v1/projects/891752164449:getIamPolicy {"version":1,"etag":"BwZQ/FSJHx0=","bindings":[{"role":"roles/cloudbuild.builds.builder","members":["serviceAccount:891752164449@cloudbuild.gserviceaccount.com"]},{"role":"roles/cloudbuild.serviceAgent","members":["serviceAccount:service-891752164449@gcp-sa-cloudbuild.iam.gserviceaccount.com"]},{"role":"roles/cloudfunctions.serviceAgent","members":["serviceAccount:service-891752164449@gcf-admin-robot.iam.gserviceaccount.com"]},{"role":"roles/containerregistry.ServiceAgent","members":["serviceAccount:service-891752164449@containerregistry.iam.gserviceaccount.com"]},{"role":"roles/editor","members":["serviceAccount:891752164449-compute@developer.gserviceaccount.com","serviceAccount:891752164449@cloudservices.gserviceaccount.com","serviceAccount:yushef-b3534@appspot.gserviceaccount.com"]},{"role":"roles/eventarc.eventReceiver","members":["serviceAccount:891752164449-compute@developer.gserviceaccount.com"]},{"role":"roles/eventarc.serviceAgent","members":["serviceAccount:service-891752164449@gcp-sa-eventarc.iam.gserviceaccount.com"]},{"role":"roles/firebase.managementServiceAgent","members":["serviceAccount:service-891752164449@gcp-sa-firebase.iam.gserviceaccount.com"]},{"role":"roles/firebase.sdkAdminServiceAgent","members":["serviceAccount:firebase-adminsdk-fbsvc@yushef-b3534.iam.gserviceaccount.com"]},{"role":"roles/firebaseauth.admin","members":["serviceAccount:firebase-adminsdk-fbsvc@yushef-b3534.iam.gserviceaccount.com"]},{"role":"roles/firebasemods.serviceAgent","members":["serviceAccount:service-891752164449@gcp-sa-firebasemods.iam.gserviceaccount.com"]},{"role":"roles/firebaserules.system","members":["serviceAccount:service-891752164449@firebase-rules.iam.gserviceaccount.com"]},{"role":"roles/firebasestorage.serviceAgent","members":["serviceAccount:service-891752164449@gcp-sa-firebasestorage.iam.gserviceaccount.com"]},{"role":"roles/firestore.serviceAgent","members":["serviceAccount:service-891752164449@gcp-sa-firestore.iam.gserviceaccount.com"]},{"role":"roles/iam.serviceAccountTokenCreator","members":["serviceAccount:firebase-adminsdk-fbsvc@yushef-b3534.iam.gserviceaccount.com","serviceAccount:service-891752164449@gcp-sa-pubsub.iam.gserviceaccount.com"]},{"role":"roles/owner","members":["user:yoyo.ah360@gmail.com"]},{"role":"roles/run.invoker","members":["serviceAccount:891752164449-compute@developer.gserviceaccount.com"]},{"role":"roles/run.serviceAgent","members":["serviceAccount:service-891752164449@serverless-robot-prod.iam.gserviceaccount.com"]},{"role":"roles/storage.admin","members":["serviceAccount:firebase-adminsdk-fbsvc@yushef-b3534.iam.gserviceaccount.com"]}]}
[debug] [2026-05-04T11:36:30.144Z] Checked if tokens are valid: true, expires at: 1777896511101
[debug] [2026-05-04T11:36:30.144Z] Checked if tokens are valid: true, expires at: 1777896511101
[debug] [2026-05-04T11:36:30.144Z] >>> [apiv2][query] GET https://cloudresourcemanager.googleapis.com/v1/projects/yushef-b3534 [none]
[debug] [2026-05-04T11:36:30.579Z] <<< [apiv2][status] GET https://cloudresourcemanager.googleapis.com/v1/projects/yushef-b3534 200
[debug] [2026-05-04T11:36:30.580Z] <<< [apiv2][body] GET https://cloudresourcemanager.googleapis.com/v1/projects/yushef-b3534 {"projectNumber":"891752164449","projectId":"yushef-b3534","lifecycleState":"ACTIVE","name":"yushef","labels":{"firebase":"enabled","firebase-core":"disabled"},"createTime":"2026-05-01T13:17:51.618Z"}
[debug] [2026-05-04T11:36:30.580Z] Checked if tokens are valid: true, expires at: 1777896511101
[debug] [2026-05-04T11:36:30.581Z] Checked if tokens are valid: true, expires at: 1777896511101
[debug] [2026-05-04T11:36:30.581Z] >>> [apiv2][query] GET https://compute.googleapis.com/compute/v1/projects/891752164449 [none]
[debug] [2026-05-04T11:36:30.816Z] <<< [apiv2][status] GET https://compute.googleapis.com/compute/v1/projects/891752164449 403
[debug] [2026-05-04T11:36:30.817Z] <<< [apiv2][body] GET https://compute.googleapis.com/compute/v1/projects/891752164449 {"error":{"code":403,"message":"Compute Engine API has not been used in project 891752164449 before or it is disabled. Enable it by visiting https://console.developers.google.com/apis/api/compute.googleapis.com/overview?project=891752164449 then retry. If you enabled this API recently, wait a few minutes for the action to propagate to our systems and retry.","errors":[{"message":"Compute Engine API has not been used in project 891752164449 before or it is disabled. Enable it by visiting https://console.developers.google.com/apis/api/compute.googleapis.com/overview?project=891752164449 then retry. If you enabled this API recently, wait a few minutes for the action to propagate to our systems and retry.","domain":"usageLimits","reason":"accessNotConfigured","extendedHelp":"https://console.developers.google.com"}],"status":"PERMISSION_DENIED","details":[{"@type":"type.googleapis.com/google.rpc.ErrorInfo","reason":"SERVICE_DISABLED","domain":"googleapis.com","metadata":{"service":"compute.googleapis.com","activationUrl":"https://console.developers.google.com/apis/api/compute.googleapis.com/overview?project=891752164449","consumer":"projects/891752164449","serviceTitle":"Compute Engine API","containerInfo":"891752164449"}},{"@type":"type.googleapis.com/google.rpc.LocalizedMessage","locale":"en-US","message":"Compute Engine API has not been used in project 891752164449 before or it is disabled. Enable it by visiting https://console.developers.google.com/apis/api/compute.googleapis.com/overview?project=891752164449 then retry. If you enabled this API recently, wait a few minutes for the action to propagate to our systems and retry."},{"@type":"type.googleapis.com/google.rpc.Help","links":[{"description":"Google developers console API activation","url":"https://console.developers.google.com/apis/api/compute.googleapis.com/overview?project=891752164449"}]}]}}
[debug] [2026-05-04T11:36:30.817Z] unable to look up default compute service account. Falling back to 891752164449-compute@developer.gserviceaccount.com. Error: {"name":"FirebaseError","children":[],"context":{"body":{"error":{"code":403,"message":"Compute Engine API has not been used in project 891752164449 before or it is disabled. Enable it by visiting https://console.developers.google.com/apis/api/compute.googleapis.com/overview?project=891752164449 then retry. If you enabled this API recently, wait a few minutes for the action to propagate to our systems and retry.","errors":[{"message":"Compute Engine API has not been used in project 891752164449 before or it is disabled. Enable it by visiting https://console.developers.google.com/apis/api/compute.googleapis.com/overview?project=891752164449 then retry. If you enabled this API recently, wait a few minutes for the action to propagate to our systems and retry.","domain":"usageLimits","reason":"accessNotConfigured","extendedHelp":"https://console.developers.google.com"}],"status":"PERMISSION_DENIED","details":[{"@type":"type.googleapis.com/google.rpc.ErrorInfo","reason":"SERVICE_DISABLED","domain":"googleapis.com","metadata":{"service":"compute.googleapis.com","activationUrl":"https://console.developers.google.com/apis/api/compute.googleapis.com/overview?project=891752164449","consumer":"projects/891752164449","serviceTitle":"Compute Engine API","containerInfo":"891752164449"}},{"@type":"type.googleapis.com/google.rpc.LocalizedMessage","locale":"en-US","message":"Compute Engine API has not been used in project 891752164449 before or it is disabled. Enable it by visiting https://console.developers.google.com/apis/api/compute.googleapis.com/overview?project=891752164449 then retry. If you enabled this API recently, wait a few minutes for the action to propagate to our systems and retry."},{"@type":"type.googleapis.com/google.rpc.Help","links":[{"description":"Google developers console API activation","url":"https://console.developers.google.com/apis/api/compute.googleapis.com/overview?project=891752164449"}]}]}},"response":{"statusCode":403}},"exit":1,"message":"Request to https://compute.googleapis.com/compute/v1/projects/891752164449 had HTTP Error: 403, Compute Engine API has not been used in project 891752164449 before or it is disabled. Enable it by visiting https://console.developers.google.com/apis/api/compute.googleapis.com/overview?project=891752164449 then retry. If you enabled this API recently, wait a few minutes for the action to propagate to our systems and retry.","status":403}
[debug] [2026-05-04T11:36:30.819Z] Checked if tokens are valid: true, expires at: 1777896511101
[debug] [2026-05-04T11:36:30.819Z] Checked if tokens are valid: true, expires at: 1777896511101
[debug] [2026-05-04T11:36:30.819Z] >>> [apiv2][query] GET https://cloudbilling.googleapis.com/v1/projects/yushef-b3534/billingInfo [none]
[debug] [2026-05-04T11:36:31.726Z] <<< [apiv2][status] GET https://cloudbilling.googleapis.com/v1/projects/yushef-b3534/billingInfo 200
[debug] [2026-05-04T11:36:31.728Z] <<< [apiv2][body] GET https://cloudbilling.googleapis.com/v1/projects/yushef-b3534/billingInfo {"name":"projects/yushef-b3534/billingInfo","projectId":"yushef-b3534","billingAccountName":"billingAccounts/012913-CDCB6B-12D9BE","billingEnabled":true}
[debug] [2026-05-04T11:36:31.734Z] Checked if tokens are valid: true, expires at: 1777896511101
[debug] [2026-05-04T11:36:31.734Z] Checked if tokens are valid: true, expires at: 1777896511101
[debug] [2026-05-04T11:36:31.735Z] >>> [apiv2][query] POST https://cloudfunctions.googleapis.com/v2/projects/yushef-b3534/locations/us-central1/functions:generateUploadUrl [none]
[debug] [2026-05-04T11:36:32.608Z] <<< [apiv2][status] POST https://cloudfunctions.googleapis.com/v2/projects/yushef-b3534/locations/us-central1/functions:generateUploadUrl 200
[debug] [2026-05-04T11:36:32.640Z] <<< [apiv2][body] POST https://cloudfunctions.googleapis.com/v2/projects/yushef-b3534/locations/us-central1/functions:generateUploadUrl {"uploadUrl":"https://storage.googleapis.com/gcf-v2-uploads-891752164449.us-central1.cloudfunctions.appspot.com/c88e9f66-f061-40cd-9b4e-11bca10e868b.zip?GoogleAccessId=service-891752164449@gcf-admin-robot.iam.gserviceaccount.com&Expires=1777896392&Signature=L0PiwKtjwFuIsJWSx7gxm4V75OaurURrJ3QYeARe2dw3pQQ0CIYLYpsurxkUOtDaxedZoMD9CEQMb7BeW1HlRJJXZWTM084jjblSSu%2Fu0RVKsKbElg0c%2Bhl9h2h%2BCj9FdQ%2FR1FbTaKm8%2FscnIjgxdKwDQ8ao8C2Ge7cQE96IJGgp1e0qSYu7Xrq4IfqAjCJ1oAZufqp74d3zeNq2hzWyDjamq3IHOPL6hnjXUfi6KTo5Sa29IyzsBtW8Epoqczmr1%2Fe5HIuodbmm3mLlqV2XZ2rTAWkiLcLl%2FMQlFBYtN94JuAj7hLm%2BPQpkdsnlvBxjI9CP2zLKhx8MxMwN6NppVw%3D%3D","storageSource":{"bucket":"gcf-v2-uploads-891752164449.us-central1.cloudfunctions.appspot.com","object":"c88e9f66-f061-40cd-9b4e-11bca10e868b.zip"}}
[debug] [2026-05-04T11:36:32.676Z] >>> [apiv2][query] PUT https://storage.googleapis.com/gcf-v2-uploads-891752164449.us-central1.cloudfunctions.appspot.com/c88e9f66-f061-40cd-9b4e-11bca10e868b.zip GoogleAccessId=service-891752164449%40gcf-admin-robot.iam.gserviceaccount.com&Expires=1777896392&Signature=L0PiwKtjwFuIsJWSx7gxm4V75OaurURrJ3QYeARe2dw3pQQ0CIYLYpsurxkUOtDaxedZoMD9CEQMb7BeW1HlRJJXZWTM084jjblSSu%2Fu0RVKsKbElg0c%2Bhl9h2h%2BCj9FdQ%2FR1FbTaKm8%2FscnIjgxdKwDQ8ao8C2Ge7cQE96IJGgp1e0qSYu7Xrq4IfqAjCJ1oAZufqp74d3zeNq2hzWyDjamq3IHOPL6hnjXUfi6KTo5Sa29IyzsBtW8Epoqczmr1%2Fe5HIuodbmm3mLlqV2XZ2rTAWkiLcLl%2FMQlFBYtN94JuAj7hLm%2BPQpkdsnlvBxjI9CP2zLKhx8MxMwN6NppVw%3D%3D
[debug] [2026-05-04T11:36:32.687Z] >>> [apiv2][body] PUT https://storage.googleapis.com/gcf-v2-uploads-891752164449.us-central1.cloudfunctions.appspot.com/c88e9f66-f061-40cd-9b4e-11bca10e868b.zip [stream]
[debug] [2026-05-04T11:36:33.577Z] <<< [apiv2][status] PUT https://storage.googleapis.com/gcf-v2-uploads-891752164449.us-central1.cloudfunctions.appspot.com/c88e9f66-f061-40cd-9b4e-11bca10e868b.zip 200
[debug] [2026-05-04T11:36:33.579Z] <<< [apiv2][body] PUT https://storage.googleapis.com/gcf-v2-uploads-891752164449.us-central1.cloudfunctions.appspot.com/c88e9f66-f061-40cd-9b4e-11bca10e868b.zip [omitted]
[info] ✔  functions: functions source uploaded successfully 
[info] i  functions: creating Node.js 24 (2nd Gen) function sendNudgeNotification(us-central1)... 
[debug] [2026-05-04T11:36:33.599Z] Checked if tokens are valid: true, expires at: 1777896511101
[debug] [2026-05-04T11:36:33.599Z] Checked if tokens are valid: true, expires at: 1777896511101
[debug] [2026-05-04T11:36:33.599Z] >>> [apiv2][query] POST https://cloudfunctions.googleapis.com/v2/projects/yushef-b3534/locations/us-central1/functions functionId=sendNudgeNotification
[debug] [2026-05-04T11:36:33.600Z] >>> [apiv2][body] POST https://cloudfunctions.googleapis.com/v2/projects/yushef-b3534/locations/us-central1/functions {"name":"projects/yushef-b3534/locations/us-central1/functions/sendNudgeNotification","buildConfig":{"runtime":"nodejs24","entryPoint":"sendNudgeNotification","source":{"storageSource":{"bucket":"gcf-v2-uploads-891752164449.us-central1.cloudfunctions.appspot.com","object":"c88e9f66-f061-40cd-9b4e-11bca10e868b.zip"}},"environmentVariables":{"GOOGLE_NODE_RUN_SCRIPTS":""}},"serviceConfig":{"environmentVariables":{"FIREBASE_CONFIG":"{\"projectId\":\"yushef-b3534\",\"storageBucket\":\"yushef-b3534.firebasestorage.app\"}","GCLOUD_PROJECT":"yushef-b3534","EVENTARC_CLOUD_EVENT_SOURCE":"projects/yushef-b3534/locations/us-central1/services/sendNudgeNotification","FUNCTION_SIGNATURE_TYPE":"cloudevent","FUNCTION_TARGET":"sendNudgeNotification","LOG_EXECUTION_ID":"true"},"ingressSettings":null,"timeoutSeconds":null,"serviceAccountEmail":null,"availableMemory":"256Mi","minInstanceCount":null,"maxInstanceCount":10,"maxInstanceRequestConcurrency":80,"availableCpu":"1","vpcConnector":null,"vpcConnectorEgressSettings":null,"directVpcNetworkInterface":null,"directVpcEgress":null},"labels":{"deployment-tool":"cli-firebase","firebase-functions-hash":"a9f7e9680c786df0cb14b07a6812cbcee9a9bc0b"},"eventTrigger":{"eventType":"google.cloud.firestore.document.v1.created","retryPolicy":"RETRY_POLICY_DO_NOT_RETRY","eventFilters":[{"attribute":"database","value":"(default)"},{"attribute":"namespace","value":"(default)"},{"attribute":"document","value":"couples/{coupleId}/nudges/{nudgeId}","operator":"match-path-pattern"}],"triggerRegion":"eur3"}}
[debug] [2026-05-04T11:36:43.070Z] <<< [apiv2][status] POST https://cloudfunctions.googleapis.com/v2/projects/yushef-b3534/locations/us-central1/functions 200
[debug] [2026-05-04T11:36:43.071Z] <<< [apiv2][body] POST https://cloudfunctions.googleapis.com/v2/projects/yushef-b3534/locations/us-central1/functions {"name":"projects/yushef-b3534/locations/us-central1/operations/operation-1777894594375-650fc57bef0e8-d07fd474-d1d3ac54","metadata":{"@type":"type.googleapis.com/google.cloud.functions.v2.OperationMetadata","createTime":"2026-05-04T11:36:42.926586487Z","target":"projects/yushef-b3534/locations/us-central1/functions/sendNudgeNotification","verb":"create","cancelRequested":false,"apiVersion":"v2"},"done":false}
[debug] [2026-05-04T11:36:43.072Z] Checked if tokens are valid: true, expires at: 1777896511101
[debug] [2026-05-04T11:36:43.072Z] Checked if tokens are valid: true, expires at: 1777896511101
[debug] [2026-05-04T11:36:43.072Z] >>> [apiv2][query] GET https://cloudfunctions.googleapis.com/v2/projects/yushef-b3534/locations/us-central1/operations/operation-1777894594375-650fc57bef0e8-d07fd474-d1d3ac54 [none]
[debug] [2026-05-04T11:36:43.883Z] <<< [apiv2][status] GET https://cloudfunctions.googleapis.com/v2/projects/yushef-b3534/locations/us-central1/operations/operation-1777894594375-650fc57bef0e8-d07fd474-d1d3ac54 200
[debug] [2026-05-04T11:36:43.883Z] <<< [apiv2][body] GET https://cloudfunctions.googleapis.com/v2/projects/yushef-b3534/locations/us-central1/operations/operation-1777894594375-650fc57bef0e8-d07fd474-d1d3ac54 {"name":"projects/yushef-b3534/locations/us-central1/operations/operation-1777894594375-650fc57bef0e8-d07fd474-d1d3ac54","metadata":{"@type":"type.googleapis.com/google.cloud.functions.v2.OperationMetadata","createTime":"2026-05-04T11:36:42.926586487Z","target":"projects/yushef-b3534/locations/us-central1/functions/sendNudgeNotification","verb":"create","cancelRequested":false,"apiVersion":"v2","requestResource":{"@type":"type.googleapis.com/google.cloud.functions.v2.Function","name":"projects/yushef-b3534/locations/us-central1/functions/sendNudgeNotification","buildConfig":{"runtime":"nodejs24","entryPoint":"sendNudgeNotification","source":{"storageSource":{"bucket":"gcf-v2-sources-891752164449-us-central1","object":"sendNudgeNotification/function-source.zip","generation":"1777894594650210"}},"environmentVariables":{"GOOGLE_NODE_RUN_SCRIPTS":""},"serviceAccount":"projects/yushef-b3534/serviceAccounts/891752164449-compute@developer.gserviceaccount.com","automaticUpdatePolicy":{}},"serviceConfig":{"service":"projects/yushef-b3534/locations/us-central1/services/sendnudgenotification","timeoutSeconds":60,"environmentVariables":{"FIREBASE_CONFIG":"{\"projectId\":\"yushef-b3534\",\"storageBucket\":\"yushef-b3534.firebasestorage.app\"}","GCLOUD_PROJECT":"yushef-b3534","EVENTARC_CLOUD_EVENT_SOURCE":"projects/yushef-b3534/locations/us-central1/services/sendNudgeNotification","FUNCTION_SIGNATURE_TYPE":"cloudevent","FUNCTION_TARGET":"sendNudgeNotification","LOG_EXECUTION_ID":"true"},"maxInstanceCount":10,"ingressSettings":"ALLOW_ALL","serviceAccountEmail":"891752164449-compute@developer.gserviceaccount.com","availableMemory":"256Mi","maxInstanceRequestConcurrency":80,"availableCpu":"1"},"eventTrigger":{"trigger":"projects/yushef-b3534/locations/eur3/triggers/sendnudgenotification-800920","triggerRegion":"eur3","eventType":"google.cloud.firestore.document.v1.created","eventFilters":[{"attribute":"database","value":"(default)"},{"attribute":"namespace","value":"(default)"},{"attribute":"document","value":"couples/{coupleId}/nudges/{nudgeId}","operator":"match-path-pattern"}],"serviceAccountEmail":"891752164449-compute@developer.gserviceaccount.com","retryPolicy":"RETRY_POLICY_DO_NOT_RETRY"},"labels":{"deployment-tool":"cli-firebase","firebase-functions-hash":"a9f7e9680c786df0cb14b07a6812cbcee9a9bc0b"},"environment":"GEN_2"},"stages":[{"name":"BUILD","state":"NOT_STARTED"},{"name":"SERVICE","state":"NOT_STARTED"},{"name":"TRIGGER","state":"NOT_STARTED"}],"operationType":"CREATE_FUNCTION"},"done":false}
[debug] [2026-05-04T11:36:44.386Z] [create-default-us-central1-sendNudgeNotification] Retrying task index 0
[debug] [2026-05-04T11:36:44.387Z] Checked if tokens are valid: true, expires at: 1777896511101
[debug] [2026-05-04T11:36:44.387Z] Checked if tokens are valid: true, expires at: 1777896511101
[debug] [2026-05-04T11:36:44.388Z] >>> [apiv2][query] GET https://cloudfunctions.googleapis.com/v2/projects/yushef-b3534/locations/us-central1/operations/operation-1777894594375-650fc57bef0e8-d07fd474-d1d3ac54 [none]
[debug] [2026-05-04T11:36:45.322Z] <<< [apiv2][status] GET https://cloudfunctions.googleapis.com/v2/projects/yushef-b3534/locations/us-central1/operations/operation-1777894594375-650fc57bef0e8-d07fd474-d1d3ac54 200
[debug] [2026-05-04T11:36:45.324Z] <<< [apiv2][body] GET https://cloudfunctions.googleapis.com/v2/projects/yushef-b3534/locations/us-central1/operations/operation-1777894594375-650fc57bef0e8-d07fd474-d1d3ac54 {"name":"projects/yushef-b3534/locations/us-central1/operations/operation-1777894594375-650fc57bef0e8-d07fd474-d1d3ac54","metadata":{"@type":"type.googleapis.com/google.cloud.functions.v2.OperationMetadata","createTime":"2026-05-04T11:36:42.926586487Z","target":"projects/yushef-b3534/locations/us-central1/functions/sendNudgeNotification","verb":"create","cancelRequested":false,"apiVersion":"v2","requestResource":{"@type":"type.googleapis.com/google.cloud.functions.v2.Function","name":"projects/yushef-b3534/locations/us-central1/functions/sendNudgeNotification","buildConfig":{"runtime":"nodejs24","entryPoint":"sendNudgeNotification","source":{"storageSource":{"bucket":"gcf-v2-sources-891752164449-us-central1","object":"sendNudgeNotification/function-source.zip","generation":"1777894594650210"}},"environmentVariables":{"GOOGLE_NODE_RUN_SCRIPTS":""},"serviceAccount":"projects/yushef-b3534/serviceAccounts/891752164449-compute@developer.gserviceaccount.com","automaticUpdatePolicy":{}},"serviceConfig":{"service":"projects/yushef-b3534/locations/us-central1/services/sendnudgenotification","timeoutSeconds":60,"environmentVariables":{"FIREBASE_CONFIG":"{\"projectId\":\"yushef-b3534\",\"storageBucket\":\"yushef-b3534.firebasestorage.app\"}","GCLOUD_PROJECT":"yushef-b3534","EVENTARC_CLOUD_EVENT_SOURCE":"projects/yushef-b3534/locations/us-central1/services/sendNudgeNotification","FUNCTION_SIGNATURE_TYPE":"cloudevent","FUNCTION_TARGET":"sendNudgeNotification","LOG_EXECUTION_ID":"true"},"maxInstanceCount":10,"ingressSettings":"ALLOW_ALL","serviceAccountEmail":"891752164449-compute@developer.gserviceaccount.com","availableMemory":"256Mi","maxInstanceRequestConcurrency":80,"availableCpu":"1"},"eventTrigger":{"trigger":"projects/yushef-b3534/locations/eur3/triggers/sendnudgenotification-800920","triggerRegion":"eur3","eventType":"google.cloud.firestore.document.v1.created","eventFilters":[{"attribute":"database","value":"(default)"},{"attribute":"namespace","value":"(default)"},{"attribute":"document","value":"couples/{coupleId}/nudges/{nudgeId}","operator":"match-path-pattern"}],"serviceAccountEmail":"891752164449-compute@developer.gserviceaccount.com","retryPolicy":"RETRY_POLICY_DO_NOT_RETRY"},"labels":{"deployment-tool":"cli-firebase","firebase-functions-hash":"a9f7e9680c786df0cb14b07a6812cbcee9a9bc0b"},"environment":"GEN_2"},"stages":[{"name":"BUILD","state":"NOT_STARTED"},{"name":"SERVICE","state":"NOT_STARTED"},{"name":"TRIGGER","state":"NOT_STARTED"}],"operationType":"CREATE_FUNCTION"},"done":false}
[debug] [2026-05-04T11:36:46.328Z] [create-default-us-central1-sendNudgeNotification] Retrying task index 0
[debug] [2026-05-04T11:36:46.333Z] Checked if tokens are valid: true, expires at: 1777896511101
[debug] [2026-05-04T11:36:46.333Z] Checked if tokens are valid: true, expires at: 1777896511101
[debug] [2026-05-04T11:36:46.334Z] >>> [apiv2][query] GET https://cloudfunctions.googleapis.com/v2/projects/yushef-b3534/locations/us-central1/operations/operation-1777894594375-650fc57bef0e8-d07fd474-d1d3ac54 [none]
[debug] [2026-05-04T11:36:46.550Z] <<< [apiv2][status] GET https://cloudfunctions.googleapis.com/v2/projects/yushef-b3534/locations/us-central1/operations/operation-1777894594375-650fc57bef0e8-d07fd474-d1d3ac54 200
[debug] [2026-05-04T11:36:46.550Z] <<< [apiv2][body] GET https://cloudfunctions.googleapis.com/v2/projects/yushef-b3534/locations/us-central1/operations/operation-1777894594375-650fc57bef0e8-d07fd474-d1d3ac54 {"name":"projects/yushef-b3534/locations/us-central1/operations/operation-1777894594375-650fc57bef0e8-d07fd474-d1d3ac54","metadata":{"@type":"type.googleapis.com/google.cloud.functions.v2.OperationMetadata","createTime":"2026-05-04T11:36:42.926586487Z","target":"projects/yushef-b3534/locations/us-central1/functions/sendNudgeNotification","verb":"create","cancelRequested":false,"apiVersion":"v2","requestResource":{"@type":"type.googleapis.com/google.cloud.functions.v2.Function","name":"projects/yushef-b3534/locations/us-central1/functions/sendNudgeNotification","buildConfig":{"runtime":"nodejs24","entryPoint":"sendNudgeNotification","source":{"storageSource":{"bucket":"gcf-v2-sources-891752164449-us-central1","object":"sendNudgeNotification/function-source.zip","generation":"1777894594650210"}},"environmentVariables":{"GOOGLE_NODE_RUN_SCRIPTS":""},"serviceAccount":"projects/yushef-b3534/serviceAccounts/891752164449-compute@developer.gserviceaccount.com","automaticUpdatePolicy":{}},"serviceConfig":{"service":"projects/yushef-b3534/locations/us-central1/services/sendnudgenotification","timeoutSeconds":60,"environmentVariables":{"FIREBASE_CONFIG":"{\"projectId\":\"yushef-b3534\",\"storageBucket\":\"yushef-b3534.firebasestorage.app\"}","GCLOUD_PROJECT":"yushef-b3534","EVENTARC_CLOUD_EVENT_SOURCE":"projects/yushef-b3534/locations/us-central1/services/sendNudgeNotification","FUNCTION_SIGNATURE_TYPE":"cloudevent","FUNCTION_TARGET":"sendNudgeNotification","LOG_EXECUTION_ID":"true"},"maxInstanceCount":10,"ingressSettings":"ALLOW_ALL","serviceAccountEmail":"891752164449-compute@developer.gserviceaccount.com","availableMemory":"256Mi","maxInstanceRequestConcurrency":80,"availableCpu":"1"},"eventTrigger":{"trigger":"projects/yushef-b3534/locations/eur3/triggers/sendnudgenotification-800920","triggerRegion":"eur3","eventType":"google.cloud.firestore.document.v1.created","eventFilters":[{"attribute":"database","value":"(default)"},{"attribute":"namespace","value":"(default)"},{"attribute":"document","value":"couples/{coupleId}/nudges/{nudgeId}","operator":"match-path-pattern"}],"serviceAccountEmail":"891752164449-compute@developer.gserviceaccount.com","retryPolicy":"RETRY_POLICY_DO_NOT_RETRY"},"labels":{"deployment-tool":"cli-firebase","firebase-functions-hash":"a9f7e9680c786df0cb14b07a6812cbcee9a9bc0b"},"environment":"GEN_2"},"stages":[{"name":"BUILD","state":"NOT_STARTED"},{"name":"SERVICE","state":"NOT_STARTED"},{"name":"TRIGGER","state":"NOT_STARTED"}],"operationType":"CREATE_FUNCTION"},"done":false}
[debug] [2026-05-04T11:36:48.553Z] [create-default-us-central1-sendNudgeNotification] Retrying task index 0
[debug] [2026-05-04T11:36:48.558Z] Checked if tokens are valid: true, expires at: 1777896511101
[debug] [2026-05-04T11:36:48.559Z] Checked if tokens are valid: true, expires at: 1777896511101
[debug] [2026-05-04T11:36:48.559Z] >>> [apiv2][query] GET https://cloudfunctions.googleapis.com/v2/projects/yushef-b3534/locations/us-central1/operations/operation-1777894594375-650fc57bef0e8-d07fd474-d1d3ac54 [none]
[debug] [2026-05-04T11:36:49.340Z] <<< [apiv2][status] GET https://cloudfunctions.googleapis.com/v2/projects/yushef-b3534/locations/us-central1/operations/operation-1777894594375-650fc57bef0e8-d07fd474-d1d3ac54 200
[debug] [2026-05-04T11:36:49.341Z] <<< [apiv2][body] GET https://cloudfunctions.googleapis.com/v2/projects/yushef-b3534/locations/us-central1/operations/operation-1777894594375-650fc57bef0e8-d07fd474-d1d3ac54 {"name":"projects/yushef-b3534/locations/us-central1/operations/operation-1777894594375-650fc57bef0e8-d07fd474-d1d3ac54","metadata":{"@type":"type.googleapis.com/google.cloud.functions.v2.OperationMetadata","createTime":"2026-05-04T11:36:42.926586487Z","target":"projects/yushef-b3534/locations/us-central1/functions/sendNudgeNotification","verb":"create","cancelRequested":false,"apiVersion":"v2","requestResource":{"@type":"type.googleapis.com/google.cloud.functions.v2.Function","name":"projects/yushef-b3534/locations/us-central1/functions/sendNudgeNotification","buildConfig":{"runtime":"nodejs24","entryPoint":"sendNudgeNotification","source":{"storageSource":{"bucket":"gcf-v2-sources-891752164449-us-central1","object":"sendNudgeNotification/function-source.zip","generation":"1777894594650210"}},"environmentVariables":{"GOOGLE_NODE_RUN_SCRIPTS":""},"serviceAccount":"projects/yushef-b3534/serviceAccounts/891752164449-compute@developer.gserviceaccount.com","automaticUpdatePolicy":{}},"serviceConfig":{"service":"projects/yushef-b3534/locations/us-central1/services/sendnudgenotification","timeoutSeconds":60,"environmentVariables":{"FIREBASE_CONFIG":"{\"projectId\":\"yushef-b3534\",\"storageBucket\":\"yushef-b3534.firebasestorage.app\"}","GCLOUD_PROJECT":"yushef-b3534","EVENTARC_CLOUD_EVENT_SOURCE":"projects/yushef-b3534/locations/us-central1/services/sendNudgeNotification","FUNCTION_SIGNATURE_TYPE":"cloudevent","FUNCTION_TARGET":"sendNudgeNotification","LOG_EXECUTION_ID":"true"},"maxInstanceCount":10,"ingressSettings":"ALLOW_ALL","serviceAccountEmail":"891752164449-compute@developer.gserviceaccount.com","availableMemory":"256Mi","maxInstanceRequestConcurrency":80,"availableCpu":"1"},"eventTrigger":{"trigger":"projects/yushef-b3534/locations/eur3/triggers/sendnudgenotification-800920","triggerRegion":"eur3","eventType":"google.cloud.firestore.document.v1.created","eventFilters":[{"attribute":"database","value":"(default)"},{"attribute":"namespace","value":"(default)"},{"attribute":"document","value":"couples/{coupleId}/nudges/{nudgeId}","operator":"match-path-pattern"}],"serviceAccountEmail":"891752164449-compute@developer.gserviceaccount.com","retryPolicy":"RETRY_POLICY_DO_NOT_RETRY"},"labels":{"deployment-tool":"cli-firebase","firebase-functions-hash":"a9f7e9680c786df0cb14b07a6812cbcee9a9bc0b"},"environment":"GEN_2"},"stages":[{"name":"BUILD","state":"NOT_STARTED"},{"name":"SERVICE","state":"NOT_STARTED"},{"name":"TRIGGER","state":"NOT_STARTED"}],"operationType":"CREATE_FUNCTION"},"done":false}
[debug] [2026-05-04T11:36:53.344Z] [create-default-us-central1-sendNudgeNotification] Retrying task index 0
[debug] [2026-05-04T11:36:53.350Z] Checked if tokens are valid: true, expires at: 1777896511101
[debug] [2026-05-04T11:36:53.351Z] Checked if tokens are valid: true, expires at: 1777896511101
[debug] [2026-05-04T11:36:53.351Z] >>> [apiv2][query] GET https://cloudfunctions.googleapis.com/v2/projects/yushef-b3534/locations/us-central1/operations/operation-1777894594375-650fc57bef0e8-d07fd474-d1d3ac54 [none]
[debug] [2026-05-04T11:36:54.127Z] <<< [apiv2][status] GET https://cloudfunctions.googleapis.com/v2/projects/yushef-b3534/locations/us-central1/operations/operation-1777894594375-650fc57bef0e8-d07fd474-d1d3ac54 200
[debug] [2026-05-04T11:36:54.128Z] <<< [apiv2][body] GET https://cloudfunctions.googleapis.com/v2/projects/yushef-b3534/locations/us-central1/operations/operation-1777894594375-650fc57bef0e8-d07fd474-d1d3ac54 {"name":"projects/yushef-b3534/locations/us-central1/operations/operation-1777894594375-650fc57bef0e8-d07fd474-d1d3ac54","metadata":{"@type":"type.googleapis.com/google.cloud.functions.v2.OperationMetadata","createTime":"2026-05-04T11:36:42.926586487Z","target":"projects/yushef-b3534/locations/us-central1/functions/sendNudgeNotification","verb":"create","cancelRequested":false,"apiVersion":"v2","requestResource":{"@type":"type.googleapis.com/google.cloud.functions.v2.Function","name":"projects/yushef-b3534/locations/us-central1/functions/sendNudgeNotification","buildConfig":{"runtime":"nodejs24","entryPoint":"sendNudgeNotification","source":{"storageSource":{"bucket":"gcf-v2-sources-891752164449-us-central1","object":"sendNudgeNotification/function-source.zip","generation":"1777894594650210"}},"environmentVariables":{"GOOGLE_NODE_RUN_SCRIPTS":""},"serviceAccount":"projects/yushef-b3534/serviceAccounts/891752164449-compute@developer.gserviceaccount.com","automaticUpdatePolicy":{}},"serviceConfig":{"service":"projects/yushef-b3534/locations/us-central1/services/sendnudgenotification","timeoutSeconds":60,"environmentVariables":{"FIREBASE_CONFIG":"{\"projectId\":\"yushef-b3534\",\"storageBucket\":\"yushef-b3534.firebasestorage.app\"}","GCLOUD_PROJECT":"yushef-b3534","EVENTARC_CLOUD_EVENT_SOURCE":"projects/yushef-b3534/locations/us-central1/services/sendNudgeNotification","FUNCTION_SIGNATURE_TYPE":"cloudevent","FUNCTION_TARGET":"sendNudgeNotification","LOG_EXECUTION_ID":"true"},"maxInstanceCount":10,"ingressSettings":"ALLOW_ALL","serviceAccountEmail":"891752164449-compute@developer.gserviceaccount.com","availableMemory":"256Mi","maxInstanceRequestConcurrency":80,"availableCpu":"1"},"eventTrigger":{"trigger":"projects/yushef-b3534/locations/eur3/triggers/sendnudgenotification-800920","triggerRegion":"eur3","eventType":"google.cloud.firestore.document.v1.created","eventFilters":[{"attribute":"database","value":"(default)"},{"attribute":"namespace","value":"(default)"},{"attribute":"document","value":"couples/{coupleId}/nudges/{nudgeId}","operator":"match-path-pattern"}],"serviceAccountEmail":"891752164449-compute@developer.gserviceaccount.com","retryPolicy":"RETRY_POLICY_DO_NOT_RETRY"},"labels":{"deployment-tool":"cli-firebase","firebase-functions-hash":"a9f7e9680c786df0cb14b07a6812cbcee9a9bc0b"},"environment":"GEN_2"},"stages":[{"name":"BUILD","state":"NOT_STARTED"},{"name":"SERVICE","state":"NOT_STARTED"},{"name":"TRIGGER","state":"NOT_STARTED"}],"operationType":"CREATE_FUNCTION"},"done":false}
[debug] [2026-05-04T11:37:02.185Z] [create-default-us-central1-sendNudgeNotification] Retrying task index 0
[debug] [2026-05-04T11:37:02.190Z] Checked if tokens are valid: true, expires at: 1777896511101
[debug] [2026-05-04T11:37:02.190Z] Checked if tokens are valid: true, expires at: 1777896511101
[debug] [2026-05-04T11:37:02.190Z] >>> [apiv2][query] GET https://cloudfunctions.googleapis.com/v2/projects/yushef-b3534/locations/us-central1/operations/operation-1777894594375-650fc57bef0e8-d07fd474-d1d3ac54 [none]
[debug] [2026-05-04T11:37:03.100Z] <<< [apiv2][status] GET https://cloudfunctions.googleapis.com/v2/projects/yushef-b3534/locations/us-central1/operations/operation-1777894594375-650fc57bef0e8-d07fd474-d1d3ac54 200
[debug] [2026-05-04T11:37:03.100Z] <<< [apiv2][body] GET https://cloudfunctions.googleapis.com/v2/projects/yushef-b3534/locations/us-central1/operations/operation-1777894594375-650fc57bef0e8-d07fd474-d1d3ac54 {"name":"projects/yushef-b3534/locations/us-central1/operations/operation-1777894594375-650fc57bef0e8-d07fd474-d1d3ac54","metadata":{"@type":"type.googleapis.com/google.cloud.functions.v2.OperationMetadata","createTime":"2026-05-04T11:36:42.926586487Z","target":"projects/yushef-b3534/locations/us-central1/functions/sendNudgeNotification","verb":"create","cancelRequested":false,"apiVersion":"v2","requestResource":{"@type":"type.googleapis.com/google.cloud.functions.v2.Function","name":"projects/yushef-b3534/locations/us-central1/functions/sendNudgeNotification","buildConfig":{"runtime":"nodejs24","entryPoint":"sendNudgeNotification","source":{"storageSource":{"bucket":"gcf-v2-sources-891752164449-us-central1","object":"sendNudgeNotification/function-source.zip","generation":"1777894594650210"}},"environmentVariables":{"GOOGLE_NODE_RUN_SCRIPTS":""},"serviceAccount":"projects/yushef-b3534/serviceAccounts/891752164449-compute@developer.gserviceaccount.com","automaticUpdatePolicy":{}},"serviceConfig":{"service":"projects/yushef-b3534/locations/us-central1/services/sendnudgenotification","timeoutSeconds":60,"environmentVariables":{"FIREBASE_CONFIG":"{\"projectId\":\"yushef-b3534\",\"storageBucket\":\"yushef-b3534.firebasestorage.app\"}","GCLOUD_PROJECT":"yushef-b3534","EVENTARC_CLOUD_EVENT_SOURCE":"projects/yushef-b3534/locations/us-central1/services/sendNudgeNotification","FUNCTION_SIGNATURE_TYPE":"cloudevent","FUNCTION_TARGET":"sendNudgeNotification","LOG_EXECUTION_ID":"true"},"maxInstanceCount":10,"ingressSettings":"ALLOW_ALL","serviceAccountEmail":"891752164449-compute@developer.gserviceaccount.com","availableMemory":"256Mi","maxInstanceRequestConcurrency":80,"availableCpu":"1"},"eventTrigger":{"trigger":"projects/yushef-b3534/locations/eur3/triggers/sendnudgenotification-800920","triggerRegion":"eur3","eventType":"google.cloud.firestore.document.v1.created","eventFilters":[{"attribute":"database","value":"(default)"},{"attribute":"namespace","value":"(default)"},{"attribute":"document","value":"couples/{coupleId}/nudges/{nudgeId}","operator":"match-path-pattern"}],"serviceAccountEmail":"891752164449-compute@developer.gserviceaccount.com","retryPolicy":"RETRY_POLICY_DO_NOT_RETRY"},"labels":{"deployment-tool":"cli-firebase","firebase-functions-hash":"a9f7e9680c786df0cb14b07a6812cbcee9a9bc0b"},"environment":"GEN_2"},"stages":[{"name":"BUILD","state":"NOT_STARTED"},{"name":"SERVICE","state":"NOT_STARTED"},{"name":"TRIGGER","state":"NOT_STARTED"}],"operationType":"CREATE_FUNCTION"},"done":false}
[debug] [2026-05-04T11:37:13.103Z] [create-default-us-central1-sendNudgeNotification] Retrying task index 0
[debug] [2026-05-04T11:37:13.109Z] Checked if tokens are valid: true, expires at: 1777896511101
[debug] [2026-05-04T11:37:13.110Z] Checked if tokens are valid: true, expires at: 1777896511101
[debug] [2026-05-04T11:37:13.111Z] >>> [apiv2][query] GET https://cloudfunctions.googleapis.com/v2/projects/yushef-b3534/locations/us-central1/operations/operation-1777894594375-650fc57bef0e8-d07fd474-d1d3ac54 [none]
[debug] [2026-05-04T11:37:14.164Z] <<< [apiv2][status] GET https://cloudfunctions.googleapis.com/v2/projects/yushef-b3534/locations/us-central1/operations/operation-1777894594375-650fc57bef0e8-d07fd474-d1d3ac54 200
[debug] [2026-05-04T11:37:14.165Z] <<< [apiv2][body] GET https://cloudfunctions.googleapis.com/v2/projects/yushef-b3534/locations/us-central1/operations/operation-1777894594375-650fc57bef0e8-d07fd474-d1d3ac54 {"name":"projects/yushef-b3534/locations/us-central1/operations/operation-1777894594375-650fc57bef0e8-d07fd474-d1d3ac54","metadata":{"@type":"type.googleapis.com/google.cloud.functions.v2.OperationMetadata","createTime":"2026-05-04T11:36:42.926586487Z","target":"projects/yushef-b3534/locations/us-central1/functions/sendNudgeNotification","verb":"create","cancelRequested":false,"apiVersion":"v2","requestResource":{"@type":"type.googleapis.com/google.cloud.functions.v2.Function","name":"projects/yushef-b3534/locations/us-central1/functions/sendNudgeNotification","buildConfig":{"runtime":"nodejs24","entryPoint":"sendNudgeNotification","source":{"storageSource":{"bucket":"gcf-v2-sources-891752164449-us-central1","object":"sendNudgeNotification/function-source.zip","generation":"1777894594650210"}},"environmentVariables":{"GOOGLE_NODE_RUN_SCRIPTS":""},"serviceAccount":"projects/yushef-b3534/serviceAccounts/891752164449-compute@developer.gserviceaccount.com","automaticUpdatePolicy":{}},"serviceConfig":{"service":"projects/yushef-b3534/locations/us-central1/services/sendnudgenotification","timeoutSeconds":60,"environmentVariables":{"FIREBASE_CONFIG":"{\"projectId\":\"yushef-b3534\",\"storageBucket\":\"yushef-b3534.firebasestorage.app\"}","GCLOUD_PROJECT":"yushef-b3534","EVENTARC_CLOUD_EVENT_SOURCE":"projects/yushef-b3534/locations/us-central1/services/sendNudgeNotification","FUNCTION_SIGNATURE_TYPE":"cloudevent","FUNCTION_TARGET":"sendNudgeNotification","LOG_EXECUTION_ID":"true"},"maxInstanceCount":10,"ingressSettings":"ALLOW_ALL","serviceAccountEmail":"891752164449-compute@developer.gserviceaccount.com","availableMemory":"256Mi","maxInstanceRequestConcurrency":80,"availableCpu":"1"},"eventTrigger":{"trigger":"projects/yushef-b3534/locations/eur3/triggers/sendnudgenotification-800920","triggerRegion":"eur3","eventType":"google.cloud.firestore.document.v1.created","eventFilters":[{"attribute":"database","value":"(default)"},{"attribute":"namespace","value":"(default)"},{"attribute":"document","value":"couples/{coupleId}/nudges/{nudgeId}","operator":"match-path-pattern"}],"serviceAccountEmail":"891752164449-compute@developer.gserviceaccount.com","retryPolicy":"RETRY_POLICY_DO_NOT_RETRY"},"labels":{"deployment-tool":"cli-firebase","firebase-functions-hash":"a9f7e9680c786df0cb14b07a6812cbcee9a9bc0b"},"environment":"GEN_2"},"stages":[{"name":"BUILD","message":"Build in progress","state":"IN_PROGRESS","resource":"projects/891752164449/locations/us-central1/builds/e66222a2-3aec-4b88-9e35-42ec95aad7ef","resourceUri":"https://console.cloud.google.com/cloud-build/builds;region=us-central1/e66222a2-3aec-4b88-9e35-42ec95aad7ef?project=891752164449"},{"name":"SERVICE","state":"NOT_STARTED"},{"name":"TRIGGER","state":"NOT_STARTED"}],"operationType":"CREATE_FUNCTION","buildName":"projects/891752164449/locations/us-central1/builds/e66222a2-3aec-4b88-9e35-42ec95aad7ef"},"done":false}
[debug] [2026-05-04T11:37:24.168Z] [create-default-us-central1-sendNudgeNotification] Retrying task index 0
[debug] [2026-05-04T11:37:24.174Z] Checked if tokens are valid: true, expires at: 1777896511101
[debug] [2026-05-04T11:37:24.174Z] Checked if tokens are valid: true, expires at: 1777896511101
[debug] [2026-05-04T11:37:24.174Z] >>> [apiv2][query] GET https://cloudfunctions.googleapis.com/v2/projects/yushef-b3534/locations/us-central1/operations/operation-1777894594375-650fc57bef0e8-d07fd474-d1d3ac54 [none]
[debug] [2026-05-04T11:37:25.155Z] <<< [apiv2][status] GET https://cloudfunctions.googleapis.com/v2/projects/yushef-b3534/locations/us-central1/operations/operation-1777894594375-650fc57bef0e8-d07fd474-d1d3ac54 200
[debug] [2026-05-04T11:37:25.156Z] <<< [apiv2][body] GET https://cloudfunctions.googleapis.com/v2/projects/yushef-b3534/locations/us-central1/operations/operation-1777894594375-650fc57bef0e8-d07fd474-d1d3ac54 {"name":"projects/yushef-b3534/locations/us-central1/operations/operation-1777894594375-650fc57bef0e8-d07fd474-d1d3ac54","metadata":{"@type":"type.googleapis.com/google.cloud.functions.v2.OperationMetadata","createTime":"2026-05-04T11:36:42.926586487Z","target":"projects/yushef-b3534/locations/us-central1/functions/sendNudgeNotification","verb":"create","cancelRequested":false,"apiVersion":"v2","requestResource":{"@type":"type.googleapis.com/google.cloud.functions.v2.Function","name":"projects/yushef-b3534/locations/us-central1/functions/sendNudgeNotification","buildConfig":{"runtime":"nodejs24","entryPoint":"sendNudgeNotification","source":{"storageSource":{"bucket":"gcf-v2-sources-891752164449-us-central1","object":"sendNudgeNotification/function-source.zip","generation":"1777894594650210"}},"environmentVariables":{"GOOGLE_NODE_RUN_SCRIPTS":""},"serviceAccount":"projects/yushef-b3534/serviceAccounts/891752164449-compute@developer.gserviceaccount.com","automaticUpdatePolicy":{}},"serviceConfig":{"service":"projects/yushef-b3534/locations/us-central1/services/sendnudgenotification","timeoutSeconds":60,"environmentVariables":{"FIREBASE_CONFIG":"{\"projectId\":\"yushef-b3534\",\"storageBucket\":\"yushef-b3534.firebasestorage.app\"}","GCLOUD_PROJECT":"yushef-b3534","EVENTARC_CLOUD_EVENT_SOURCE":"projects/yushef-b3534/locations/us-central1/services/sendNudgeNotification","FUNCTION_SIGNATURE_TYPE":"cloudevent","FUNCTION_TARGET":"sendNudgeNotification","LOG_EXECUTION_ID":"true"},"maxInstanceCount":10,"ingressSettings":"ALLOW_ALL","serviceAccountEmail":"891752164449-compute@developer.gserviceaccount.com","availableMemory":"256Mi","maxInstanceRequestConcurrency":80,"availableCpu":"1"},"eventTrigger":{"trigger":"projects/yushef-b3534/locations/eur3/triggers/sendnudgenotification-800920","triggerRegion":"eur3","eventType":"google.cloud.firestore.document.v1.created","eventFilters":[{"attribute":"database","value":"(default)"},{"attribute":"namespace","value":"(default)"},{"attribute":"document","value":"couples/{coupleId}/nudges/{nudgeId}","operator":"match-path-pattern"}],"serviceAccountEmail":"891752164449-compute@developer.gserviceaccount.com","retryPolicy":"RETRY_POLICY_DO_NOT_RETRY"},"labels":{"deployment-tool":"cli-firebase","firebase-functions-hash":"a9f7e9680c786df0cb14b07a6812cbcee9a9bc0b"},"environment":"GEN_2"},"stages":[{"name":"BUILD","message":"Build in progress","state":"IN_PROGRESS","resource":"projects/891752164449/locations/us-central1/builds/e66222a2-3aec-4b88-9e35-42ec95aad7ef","resourceUri":"https://console.cloud.google.com/cloud-build/builds;region=us-central1/e66222a2-3aec-4b88-9e35-42ec95aad7ef?project=891752164449"},{"name":"SERVICE","state":"NOT_STARTED"},{"name":"TRIGGER","state":"NOT_STARTED"}],"operationType":"CREATE_FUNCTION","buildName":"projects/891752164449/locations/us-central1/builds/e66222a2-3aec-4b88-9e35-42ec95aad7ef"},"done":false}
[debug] [2026-05-04T11:37:35.250Z] [create-default-us-central1-sendNudgeNotification] Retrying task index 0
[debug] [2026-05-04T11:37:35.267Z] Checked if tokens are valid: true, expires at: 1777896511101
[debug] [2026-05-04T11:37:35.268Z] Checked if tokens are valid: true, expires at: 1777896511101
[debug] [2026-05-04T11:37:35.268Z] >>> [apiv2][query] GET https://cloudfunctions.googleapis.com/v2/projects/yushef-b3534/locations/us-central1/operations/operation-1777894594375-650fc57bef0e8-d07fd474-d1d3ac54 [none]
[debug] [2026-05-04T11:37:36.191Z] <<< [apiv2][status] GET https://cloudfunctions.googleapis.com/v2/projects/yushef-b3534/locations/us-central1/operations/operation-1777894594375-650fc57bef0e8-d07fd474-d1d3ac54 200
[debug] [2026-05-04T11:37:36.193Z] <<< [apiv2][body] GET https://cloudfunctions.googleapis.com/v2/projects/yushef-b3534/locations/us-central1/operations/operation-1777894594375-650fc57bef0e8-d07fd474-d1d3ac54 {"name":"projects/yushef-b3534/locations/us-central1/operations/operation-1777894594375-650fc57bef0e8-d07fd474-d1d3ac54","metadata":{"@type":"type.googleapis.com/google.cloud.functions.v2.OperationMetadata","createTime":"2026-05-04T11:36:42.926586487Z","target":"projects/yushef-b3534/locations/us-central1/functions/sendNudgeNotification","verb":"create","cancelRequested":false,"apiVersion":"v2","requestResource":{"@type":"type.googleapis.com/google.cloud.functions.v2.Function","name":"projects/yushef-b3534/locations/us-central1/functions/sendNudgeNotification","buildConfig":{"runtime":"nodejs24","entryPoint":"sendNudgeNotification","source":{"storageSource":{"bucket":"gcf-v2-sources-891752164449-us-central1","object":"sendNudgeNotification/function-source.zip","generation":"1777894594650210"}},"environmentVariables":{"GOOGLE_NODE_RUN_SCRIPTS":""},"serviceAccount":"projects/yushef-b3534/serviceAccounts/891752164449-compute@developer.gserviceaccount.com","automaticUpdatePolicy":{}},"serviceConfig":{"service":"projects/yushef-b3534/locations/us-central1/services/sendnudgenotification","timeoutSeconds":60,"environmentVariables":{"FIREBASE_CONFIG":"{\"projectId\":\"yushef-b3534\",\"storageBucket\":\"yushef-b3534.firebasestorage.app\"}","GCLOUD_PROJECT":"yushef-b3534","EVENTARC_CLOUD_EVENT_SOURCE":"projects/yushef-b3534/locations/us-central1/services/sendNudgeNotification","FUNCTION_SIGNATURE_TYPE":"cloudevent","FUNCTION_TARGET":"sendNudgeNotification","LOG_EXECUTION_ID":"true"},"maxInstanceCount":10,"ingressSettings":"ALLOW_ALL","serviceAccountEmail":"891752164449-compute@developer.gserviceaccount.com","availableMemory":"256Mi","maxInstanceRequestConcurrency":80,"availableCpu":"1"},"eventTrigger":{"trigger":"projects/yushef-b3534/locations/eur3/triggers/sendnudgenotification-800920","triggerRegion":"eur3","eventType":"google.cloud.firestore.document.v1.created","eventFilters":[{"attribute":"database","value":"(default)"},{"attribute":"namespace","value":"(default)"},{"attribute":"document","value":"couples/{coupleId}/nudges/{nudgeId}","operator":"match-path-pattern"}],"serviceAccountEmail":"891752164449-compute@developer.gserviceaccount.com","retryPolicy":"RETRY_POLICY_DO_NOT_RETRY"},"labels":{"deployment-tool":"cli-firebase","firebase-functions-hash":"a9f7e9680c786df0cb14b07a6812cbcee9a9bc0b"},"environment":"GEN_2"},"stages":[{"name":"BUILD","message":"Build in progress","state":"IN_PROGRESS","resource":"projects/891752164449/locations/us-central1/builds/e66222a2-3aec-4b88-9e35-42ec95aad7ef","resourceUri":"https://console.cloud.google.com/cloud-build/builds;region=us-central1/e66222a2-3aec-4b88-9e35-42ec95aad7ef?project=891752164449"},{"name":"SERVICE","state":"NOT_STARTED"},{"name":"TRIGGER","state":"NOT_STARTED"}],"operationType":"CREATE_FUNCTION","buildName":"projects/891752164449/locations/us-central1/builds/e66222a2-3aec-4b88-9e35-42ec95aad7ef"},"done":false}
[debug] [2026-05-04T11:37:46.199Z] [create-default-us-central1-sendNudgeNotification] Retrying task index 0
[debug] [2026-05-04T11:37:46.203Z] Checked if tokens are valid: true, expires at: 1777896511101
[debug] [2026-05-04T11:37:46.203Z] Checked if tokens are valid: true, expires at: 1777896511101
[debug] [2026-05-04T11:37:46.204Z] >>> [apiv2][query] GET https://cloudfunctions.googleapis.com/v2/projects/yushef-b3534/locations/us-central1/operations/operation-1777894594375-650fc57bef0e8-d07fd474-d1d3ac54 [none]
[debug] [2026-05-04T11:37:47.168Z] <<< [apiv2][status] GET https://cloudfunctions.googleapis.com/v2/projects/yushef-b3534/locations/us-central1/operations/operation-1777894594375-650fc57bef0e8-d07fd474-d1d3ac54 200
[debug] [2026-05-04T11:37:47.168Z] <<< [apiv2][body] GET https://cloudfunctions.googleapis.com/v2/projects/yushef-b3534/locations/us-central1/operations/operation-1777894594375-650fc57bef0e8-d07fd474-d1d3ac54 {"name":"projects/yushef-b3534/locations/us-central1/operations/operation-1777894594375-650fc57bef0e8-d07fd474-d1d3ac54","metadata":{"@type":"type.googleapis.com/google.cloud.functions.v2.OperationMetadata","createTime":"2026-05-04T11:36:42.926586487Z","target":"projects/yushef-b3534/locations/us-central1/functions/sendNudgeNotification","verb":"create","cancelRequested":false,"apiVersion":"v2","requestResource":{"@type":"type.googleapis.com/google.cloud.functions.v2.Function","name":"projects/yushef-b3534/locations/us-central1/functions/sendNudgeNotification","buildConfig":{"runtime":"nodejs24","entryPoint":"sendNudgeNotification","source":{"storageSource":{"bucket":"gcf-v2-sources-891752164449-us-central1","object":"sendNudgeNotification/function-source.zip","generation":"1777894594650210"}},"environmentVariables":{"GOOGLE_NODE_RUN_SCRIPTS":""},"serviceAccount":"projects/yushef-b3534/serviceAccounts/891752164449-compute@developer.gserviceaccount.com","automaticUpdatePolicy":{}},"serviceConfig":{"service":"projects/yushef-b3534/locations/us-central1/services/sendnudgenotification","timeoutSeconds":60,"environmentVariables":{"FIREBASE_CONFIG":"{\"projectId\":\"yushef-b3534\",\"storageBucket\":\"yushef-b3534.firebasestorage.app\"}","GCLOUD_PROJECT":"yushef-b3534","EVENTARC_CLOUD_EVENT_SOURCE":"projects/yushef-b3534/locations/us-central1/services/sendNudgeNotification","FUNCTION_SIGNATURE_TYPE":"cloudevent","FUNCTION_TARGET":"sendNudgeNotification","LOG_EXECUTION_ID":"true"},"maxInstanceCount":10,"ingressSettings":"ALLOW_ALL","serviceAccountEmail":"891752164449-compute@developer.gserviceaccount.com","availableMemory":"256Mi","maxInstanceRequestConcurrency":80,"availableCpu":"1"},"eventTrigger":{"trigger":"projects/yushef-b3534/locations/eur3/triggers/sendnudgenotification-800920","triggerRegion":"eur3","eventType":"google.cloud.firestore.document.v1.created","eventFilters":[{"attribute":"database","value":"(default)"},{"attribute":"namespace","value":"(default)"},{"attribute":"document","value":"couples/{coupleId}/nudges/{nudgeId}","operator":"match-path-pattern"}],"serviceAccountEmail":"891752164449-compute@developer.gserviceaccount.com","retryPolicy":"RETRY_POLICY_DO_NOT_RETRY"},"labels":{"deployment-tool":"cli-firebase","firebase-functions-hash":"a9f7e9680c786df0cb14b07a6812cbcee9a9bc0b"},"environment":"GEN_2"},"stages":[{"name":"BUILD","message":"Build in progress","state":"IN_PROGRESS","resource":"projects/891752164449/locations/us-central1/builds/e66222a2-3aec-4b88-9e35-42ec95aad7ef","resourceUri":"https://console.cloud.google.com/cloud-build/builds;region=us-central1/e66222a2-3aec-4b88-9e35-42ec95aad7ef?project=891752164449"},{"name":"SERVICE","state":"NOT_STARTED"},{"name":"TRIGGER","state":"NOT_STARTED"}],"operationType":"CREATE_FUNCTION","buildName":"projects/891752164449/locations/us-central1/builds/e66222a2-3aec-4b88-9e35-42ec95aad7ef"},"done":false}
[debug] [2026-05-04T11:37:57.173Z] [create-default-us-central1-sendNudgeNotification] Retrying task index 0
[debug] [2026-05-04T11:37:57.178Z] Checked if tokens are valid: true, expires at: 1777896511101
[debug] [2026-05-04T11:37:57.178Z] Checked if tokens are valid: true, expires at: 1777896511101
[debug] [2026-05-04T11:37:57.179Z] >>> [apiv2][query] GET https://cloudfunctions.googleapis.com/v2/projects/yushef-b3534/locations/us-central1/operations/operation-1777894594375-650fc57bef0e8-d07fd474-d1d3ac54 [none]
[debug] [2026-05-04T11:37:57.521Z] <<< [apiv2][status] GET https://cloudfunctions.googleapis.com/v2/projects/yushef-b3534/locations/us-central1/operations/operation-1777894594375-650fc57bef0e8-d07fd474-d1d3ac54 200
[debug] [2026-05-04T11:37:57.521Z] <<< [apiv2][body] GET https://cloudfunctions.googleapis.com/v2/projects/yushef-b3534/locations/us-central1/operations/operation-1777894594375-650fc57bef0e8-d07fd474-d1d3ac54 {"name":"projects/yushef-b3534/locations/us-central1/operations/operation-1777894594375-650fc57bef0e8-d07fd474-d1d3ac54","metadata":{"@type":"type.googleapis.com/google.cloud.functions.v2.OperationMetadata","createTime":"2026-05-04T11:36:42.926586487Z","target":"projects/yushef-b3534/locations/us-central1/functions/sendNudgeNotification","verb":"create","cancelRequested":false,"apiVersion":"v2","requestResource":{"@type":"type.googleapis.com/google.cloud.functions.v2.Function","name":"projects/yushef-b3534/locations/us-central1/functions/sendNudgeNotification","buildConfig":{"runtime":"nodejs24","entryPoint":"sendNudgeNotification","source":{"storageSource":{"bucket":"gcf-v2-sources-891752164449-us-central1","object":"sendNudgeNotification/function-source.zip","generation":"1777894594650210"}},"environmentVariables":{"GOOGLE_NODE_RUN_SCRIPTS":""},"serviceAccount":"projects/yushef-b3534/serviceAccounts/891752164449-compute@developer.gserviceaccount.com","automaticUpdatePolicy":{}},"serviceConfig":{"service":"projects/yushef-b3534/locations/us-central1/services/sendnudgenotification","timeoutSeconds":60,"environmentVariables":{"FIREBASE_CONFIG":"{\"projectId\":\"yushef-b3534\",\"storageBucket\":\"yushef-b3534.firebasestorage.app\"}","GCLOUD_PROJECT":"yushef-b3534","EVENTARC_CLOUD_EVENT_SOURCE":"projects/yushef-b3534/locations/us-central1/services/sendNudgeNotification","FUNCTION_SIGNATURE_TYPE":"cloudevent","FUNCTION_TARGET":"sendNudgeNotification","LOG_EXECUTION_ID":"true"},"maxInstanceCount":10,"ingressSettings":"ALLOW_ALL","serviceAccountEmail":"891752164449-compute@developer.gserviceaccount.com","availableMemory":"256Mi","maxInstanceRequestConcurrency":80,"availableCpu":"1"},"eventTrigger":{"trigger":"projects/yushef-b3534/locations/eur3/triggers/sendnudgenotification-800920","triggerRegion":"eur3","eventType":"google.cloud.firestore.document.v1.created","eventFilters":[{"attribute":"database","value":"(default)"},{"attribute":"namespace","value":"(default)"},{"attribute":"document","value":"couples/{coupleId}/nudges/{nudgeId}","operator":"match-path-pattern"}],"serviceAccountEmail":"891752164449-compute@developer.gserviceaccount.com","retryPolicy":"RETRY_POLICY_DO_NOT_RETRY"},"labels":{"deployment-tool":"cli-firebase","firebase-functions-hash":"a9f7e9680c786df0cb14b07a6812cbcee9a9bc0b"},"environment":"GEN_2"},"stages":[{"name":"BUILD","message":"Build finished","state":"COMPLETE","resource":"projects/891752164449/locations/us-central1/builds/e66222a2-3aec-4b88-9e35-42ec95aad7ef","resourceUri":"https://console.cloud.google.com/cloud-build/builds;region=us-central1/e66222a2-3aec-4b88-9e35-42ec95aad7ef?project=891752164449"},{"name":"SERVICE","message":"Creating Cloud Run service","state":"IN_PROGRESS","resource":"projects/yushef-b3534/locations/us-central1/services/sendnudgenotification","resourceUri":"https://console.cloud.google.com/run/detail/us-central1/sendnudgenotification?project=yushef-b3534"},{"name":"TRIGGER","state":"NOT_STARTED"}],"sourceToken":"Cldwcm9qZWN0cy84OTE3NTIxNjQ0NDkvbG9jYXRpb25zL3VzLWNlbnRyYWwxL2J1aWxkcy9lNjYyMjJhMi0zYWVjLTRiODgtOWUzNS00MmVjOTVhYWQ3ZWYSdHVzLWNlbnRyYWwxLWRvY2tlci5wa2cuZGV2L3l1c2hlZi1iMzUzNC9nY2YtYXJ0aWZhY3RzL3l1c2hlZi0tYjM1MzRfX3VzLS1jZW50cmFsMV9fc2VuZF9udWRnZV9ub3RpZmljYXRpb246dmVyc2lvbl8xGOHYyIT6GSJLcHJvamVjdHMveXVzaGVmLWIzNTM0L2xvY2F0aW9ucy91cy1jZW50cmFsMS9mdW5jdGlvbnMvc2VuZE51ZGdlTm90aWZpY2F0aW9uKgwIkIrizwYQsIOHuwIyCG5vZGVqczI0OnYKI2djci5pby9nYWUtcnVudGltZXMvbm9kZWpzMjQ6c3RhYmxlEk91cy1jZW50cmFsMS1kb2NrZXIucGtnLmRldi9zZXJ2ZXJsZXNzLXJ1bnRpbWVzL2dvb2dsZS0yNC1mdWxsL3J1bnRpbWVzL25vZGVqczI0QAE=","operationType":"CREATE_FUNCTION","buildName":"projects/891752164449/locations/us-central1/builds/e66222a2-3aec-4b88-9e35-42ec95aad7ef"},"done":false}
[debug] [2026-05-04T11:37:57.521Z] Got source token Cldwcm9qZWN0cy84OTE3NTIxNjQ0NDkvbG9jYXRpb25zL3VzLWNlbnRyYWwxL2J1aWxkcy9lNjYyMjJhMi0zYWVjLTRiODgtOWUzNS00MmVjOTVhYWQ3ZWYSdHVzLWNlbnRyYWwxLWRvY2tlci5wa2cuZGV2L3l1c2hlZi1iMzUzNC9nY2YtYXJ0aWZhY3RzL3l1c2hlZi0tYjM1MzRfX3VzLS1jZW50cmFsMV9fc2VuZF9udWRnZV9ub3RpZmljYXRpb246dmVyc2lvbl8xGOHYyIT6GSJLcHJvamVjdHMveXVzaGVmLWIzNTM0L2xvY2F0aW9ucy91cy1jZW50cmFsMS9mdW5jdGlvbnMvc2VuZE51ZGdlTm90aWZpY2F0aW9uKgwIkIrizwYQsIOHuwIyCG5vZGVqczI0OnYKI2djci5pby9nYWUtcnVudGltZXMvbm9kZWpzMjQ6c3RhYmxlEk91cy1jZW50cmFsMS1kb2NrZXIucGtnLmRldi9zZXJ2ZXJsZXNzLXJ1bnRpbWVzL2dvb2dsZS0yNC1mdWxsL3J1bnRpbWVzL25vZGVqczI0QAE= for region us-central1
[debug] [2026-05-04T11:38:07.523Z] [create-default-us-central1-sendNudgeNotification] Retrying task index 0
[debug] [2026-05-04T11:38:07.530Z] Checked if tokens are valid: true, expires at: 1777896511101
[debug] [2026-05-04T11:38:07.530Z] Checked if tokens are valid: true, expires at: 1777896511101
[debug] [2026-05-04T11:38:07.531Z] >>> [apiv2][query] GET https://cloudfunctions.googleapis.com/v2/projects/yushef-b3534/locations/us-central1/operations/operation-1777894594375-650fc57bef0e8-d07fd474-d1d3ac54 [none]
[debug] [2026-05-04T11:38:08.508Z] <<< [apiv2][status] GET https://cloudfunctions.googleapis.com/v2/projects/yushef-b3534/locations/us-central1/operations/operation-1777894594375-650fc57bef0e8-d07fd474-d1d3ac54 200
[debug] [2026-05-04T11:38:08.515Z] <<< [apiv2][body] GET https://cloudfunctions.googleapis.com/v2/projects/yushef-b3534/locations/us-central1/operations/operation-1777894594375-650fc57bef0e8-d07fd474-d1d3ac54 {"name":"projects/yushef-b3534/locations/us-central1/operations/operation-1777894594375-650fc57bef0e8-d07fd474-d1d3ac54","metadata":{"@type":"type.googleapis.com/google.cloud.functions.v2.OperationMetadata","createTime":"2026-05-04T11:36:42.926586487Z","target":"projects/yushef-b3534/locations/us-central1/functions/sendNudgeNotification","verb":"create","cancelRequested":false,"apiVersion":"v2","requestResource":{"@type":"type.googleapis.com/google.cloud.functions.v2.Function","name":"projects/yushef-b3534/locations/us-central1/functions/sendNudgeNotification","buildConfig":{"runtime":"nodejs24","entryPoint":"sendNudgeNotification","source":{"storageSource":{"bucket":"gcf-v2-sources-891752164449-us-central1","object":"sendNudgeNotification/function-source.zip","generation":"1777894594650210"}},"environmentVariables":{"GOOGLE_NODE_RUN_SCRIPTS":""},"serviceAccount":"projects/yushef-b3534/serviceAccounts/891752164449-compute@developer.gserviceaccount.com","automaticUpdatePolicy":{}},"serviceConfig":{"service":"projects/yushef-b3534/locations/us-central1/services/sendnudgenotification","timeoutSeconds":60,"environmentVariables":{"FIREBASE_CONFIG":"{\"projectId\":\"yushef-b3534\",\"storageBucket\":\"yushef-b3534.firebasestorage.app\"}","GCLOUD_PROJECT":"yushef-b3534","EVENTARC_CLOUD_EVENT_SOURCE":"projects/yushef-b3534/locations/us-central1/services/sendNudgeNotification","FUNCTION_SIGNATURE_TYPE":"cloudevent","FUNCTION_TARGET":"sendNudgeNotification","LOG_EXECUTION_ID":"true"},"maxInstanceCount":10,"ingressSettings":"ALLOW_ALL","serviceAccountEmail":"891752164449-compute@developer.gserviceaccount.com","availableMemory":"256Mi","maxInstanceRequestConcurrency":80,"availableCpu":"1"},"eventTrigger":{"trigger":"projects/yushef-b3534/locations/eur3/triggers/sendnudgenotification-800920","triggerRegion":"eur3","eventType":"google.cloud.firestore.document.v1.created","eventFilters":[{"attribute":"database","value":"(default)"},{"attribute":"namespace","value":"(default)"},{"attribute":"document","value":"couples/{coupleId}/nudges/{nudgeId}","operator":"match-path-pattern"}],"serviceAccountEmail":"891752164449-compute@developer.gserviceaccount.com","retryPolicy":"RETRY_POLICY_DO_NOT_RETRY"},"labels":{"deployment-tool":"cli-firebase","firebase-functions-hash":"a9f7e9680c786df0cb14b07a6812cbcee9a9bc0b"},"environment":"GEN_2"},"stages":[{"name":"BUILD","message":"Build finished","state":"COMPLETE","resource":"projects/891752164449/locations/us-central1/builds/e66222a2-3aec-4b88-9e35-42ec95aad7ef","resourceUri":"https://console.cloud.google.com/cloud-build/builds;region=us-central1/e66222a2-3aec-4b88-9e35-42ec95aad7ef?project=891752164449"},{"name":"SERVICE","message":"Creating Cloud Run service","state":"COMPLETE","resource":"projects/yushef-b3534/locations/us-central1/services/sendnudgenotification","resourceUri":"https://console.cloud.google.com/run/detail/us-central1/sendnudgenotification?project=yushef-b3534"},{"name":"TRIGGER","message":"Creating Eventarc trigger","state":"IN_PROGRESS","resource":"projects/yushef-b3534/locations/eur3/triggers/sendnudgenotification-800920"}],"sourceToken":"Cldwcm9qZWN0cy84OTE3NTIxNjQ0NDkvbG9jYXRpb25zL3VzLWNlbnRyYWwxL2J1aWxkcy9lNjYyMjJhMi0zYWVjLTRiODgtOWUzNS00MmVjOTVhYWQ3ZWYSdHVzLWNlbnRyYWwxLWRvY2tlci5wa2cuZGV2L3l1c2hlZi1iMzUzNC9nY2YtYXJ0aWZhY3RzL3l1c2hlZi0tYjM1MzRfX3VzLS1jZW50cmFsMV9fc2VuZF9udWRnZV9ub3RpZmljYXRpb246dmVyc2lvbl8xGOHYyIT6GSJLcHJvamVjdHMveXVzaGVmLWIzNTM0L2xvY2F0aW9ucy91cy1jZW50cmFsMS9mdW5jdGlvbnMvc2VuZE51ZGdlTm90aWZpY2F0aW9uKgwIkIrizwYQsIOHuwIyCG5vZGVqczI0OnYKI2djci5pby9nYWUtcnVudGltZXMvbm9kZWpzMjQ6c3RhYmxlEk91cy1jZW50cmFsMS1kb2NrZXIucGtnLmRldi9zZXJ2ZXJsZXNzLXJ1bnRpbWVzL2dvb2dsZS0yNC1mdWxsL3J1bnRpbWVzL25vZGVqczI0QAE=","operationType":"CREATE_FUNCTION","buildName":"projects/891752164449/locations/us-central1/builds/e66222a2-3aec-4b88-9e35-42ec95aad7ef"},"done":false}
[debug] [2026-05-04T11:38:08.522Z] Got source token Cldwcm9qZWN0cy84OTE3NTIxNjQ0NDkvbG9jYXRpb25zL3VzLWNlbnRyYWwxL2J1aWxkcy9lNjYyMjJhMi0zYWVjLTRiODgtOWUzNS00MmVjOTVhYWQ3ZWYSdHVzLWNlbnRyYWwxLWRvY2tlci5wa2cuZGV2L3l1c2hlZi1iMzUzNC9nY2YtYXJ0aWZhY3RzL3l1c2hlZi0tYjM1MzRfX3VzLS1jZW50cmFsMV9fc2VuZF9udWRnZV9ub3RpZmljYXRpb246dmVyc2lvbl8xGOHYyIT6GSJLcHJvamVjdHMveXVzaGVmLWIzNTM0L2xvY2F0aW9ucy91cy1jZW50cmFsMS9mdW5jdGlvbnMvc2VuZE51ZGdlTm90aWZpY2F0aW9uKgwIkIrizwYQsIOHuwIyCG5vZGVqczI0OnYKI2djci5pby9nYWUtcnVudGltZXMvbm9kZWpzMjQ6c3RhYmxlEk91cy1jZW50cmFsMS1kb2NrZXIucGtnLmRldi9zZXJ2ZXJsZXNzLXJ1bnRpbWVzL2dvb2dsZS0yNC1mdWxsL3J1bnRpbWVzL25vZGVqczI0QAE= for region us-central1
[debug] [2026-05-04T11:38:18.542Z] [create-default-us-central1-sendNudgeNotification] Retrying task index 0
[debug] [2026-05-04T11:38:18.556Z] Checked if tokens are valid: true, expires at: 1777896511101
[debug] [2026-05-04T11:38:18.556Z] Checked if tokens are valid: true, expires at: 1777896511101
[debug] [2026-05-04T11:38:18.563Z] >>> [apiv2][query] GET https://cloudfunctions.googleapis.com/v2/projects/yushef-b3534/locations/us-central1/operations/operation-1777894594375-650fc57bef0e8-d07fd474-d1d3ac54 [none]
[debug] [2026-05-04T11:38:18.917Z] <<< [apiv2][status] GET https://cloudfunctions.googleapis.com/v2/projects/yushef-b3534/locations/us-central1/operations/operation-1777894594375-650fc57bef0e8-d07fd474-d1d3ac54 200
[debug] [2026-05-04T11:38:18.917Z] <<< [apiv2][body] GET https://cloudfunctions.googleapis.com/v2/projects/yushef-b3534/locations/us-central1/operations/operation-1777894594375-650fc57bef0e8-d07fd474-d1d3ac54 {"name":"projects/yushef-b3534/locations/us-central1/operations/operation-1777894594375-650fc57bef0e8-d07fd474-d1d3ac54","metadata":{"@type":"type.googleapis.com/google.cloud.functions.v2.OperationMetadata","createTime":"2026-05-04T11:36:42.926586487Z","target":"projects/yushef-b3534/locations/us-central1/functions/sendNudgeNotification","verb":"create","cancelRequested":false,"apiVersion":"v2","requestResource":{"@type":"type.googleapis.com/google.cloud.functions.v2.Function","name":"projects/yushef-b3534/locations/us-central1/functions/sendNudgeNotification","buildConfig":{"runtime":"nodejs24","entryPoint":"sendNudgeNotification","source":{"storageSource":{"bucket":"gcf-v2-sources-891752164449-us-central1","object":"sendNudgeNotification/function-source.zip","generation":"1777894594650210"}},"environmentVariables":{"GOOGLE_NODE_RUN_SCRIPTS":""},"serviceAccount":"projects/yushef-b3534/serviceAccounts/891752164449-compute@developer.gserviceaccount.com","automaticUpdatePolicy":{}},"serviceConfig":{"service":"projects/yushef-b3534/locations/us-central1/services/sendnudgenotification","timeoutSeconds":60,"environmentVariables":{"FIREBASE_CONFIG":"{\"projectId\":\"yushef-b3534\",\"storageBucket\":\"yushef-b3534.firebasestorage.app\"}","GCLOUD_PROJECT":"yushef-b3534","EVENTARC_CLOUD_EVENT_SOURCE":"projects/yushef-b3534/locations/us-central1/services/sendNudgeNotification","FUNCTION_SIGNATURE_TYPE":"cloudevent","FUNCTION_TARGET":"sendNudgeNotification","LOG_EXECUTION_ID":"true"},"maxInstanceCount":10,"ingressSettings":"ALLOW_ALL","serviceAccountEmail":"891752164449-compute@developer.gserviceaccount.com","availableMemory":"256Mi","maxInstanceRequestConcurrency":80,"availableCpu":"1"},"eventTrigger":{"trigger":"projects/yushef-b3534/locations/eur3/triggers/sendnudgenotification-800920","triggerRegion":"eur3","eventType":"google.cloud.firestore.document.v1.created","eventFilters":[{"attribute":"database","value":"(default)"},{"attribute":"namespace","value":"(default)"},{"attribute":"document","value":"couples/{coupleId}/nudges/{nudgeId}","operator":"match-path-pattern"}],"serviceAccountEmail":"891752164449-compute@developer.gserviceaccount.com","retryPolicy":"RETRY_POLICY_DO_NOT_RETRY"},"labels":{"deployment-tool":"cli-firebase","firebase-functions-hash":"a9f7e9680c786df0cb14b07a6812cbcee9a9bc0b"},"environment":"GEN_2"},"stages":[{"name":"BUILD","message":"Build finished","state":"COMPLETE","resource":"projects/891752164449/locations/us-central1/builds/e66222a2-3aec-4b88-9e35-42ec95aad7ef","resourceUri":"https://console.cloud.google.com/cloud-build/builds;region=us-central1/e66222a2-3aec-4b88-9e35-42ec95aad7ef?project=891752164449"},{"name":"SERVICE","message":"Creating Cloud Run service","state":"COMPLETE","resource":"projects/yushef-b3534/locations/us-central1/services/sendnudgenotification","resourceUri":"https://console.cloud.google.com/run/detail/us-central1/sendnudgenotification?project=yushef-b3534"},{"name":"TRIGGER","message":"Creating Eventarc trigger","state":"IN_PROGRESS","resource":"projects/yushef-b3534/locations/eur3/triggers/sendnudgenotification-800920"}],"sourceToken":"Cldwcm9qZWN0cy84OTE3NTIxNjQ0NDkvbG9jYXRpb25zL3VzLWNlbnRyYWwxL2J1aWxkcy9lNjYyMjJhMi0zYWVjLTRiODgtOWUzNS00MmVjOTVhYWQ3ZWYSdHVzLWNlbnRyYWwxLWRvY2tlci5wa2cuZGV2L3l1c2hlZi1iMzUzNC9nY2YtYXJ0aWZhY3RzL3l1c2hlZi0tYjM1MzRfX3VzLS1jZW50cmFsMV9fc2VuZF9udWRnZV9ub3RpZmljYXRpb246dmVyc2lvbl8xGOHYyIT6GSJLcHJvamVjdHMveXVzaGVmLWIzNTM0L2xvY2F0aW9ucy91cy1jZW50cmFsMS9mdW5jdGlvbnMvc2VuZE51ZGdlTm90aWZpY2F0aW9uKgwIkIrizwYQsIOHuwIyCG5vZGVqczI0OnYKI2djci5pby9nYWUtcnVudGltZXMvbm9kZWpzMjQ6c3RhYmxlEk91cy1jZW50cmFsMS1kb2NrZXIucGtnLmRldi9zZXJ2ZXJsZXNzLXJ1bnRpbWVzL2dvb2dsZS0yNC1mdWxsL3J1bnRpbWVzL25vZGVqczI0QAE=","operationType":"CREATE_FUNCTION","buildName":"projects/891752164449/locations/us-central1/builds/e66222a2-3aec-4b88-9e35-42ec95aad7ef"},"done":false}
[debug] [2026-05-04T11:38:18.917Z] Got source token Cldwcm9qZWN0cy84OTE3NTIxNjQ0NDkvbG9jYXRpb25zL3VzLWNlbnRyYWwxL2J1aWxkcy9lNjYyMjJhMi0zYWVjLTRiODgtOWUzNS00MmVjOTVhYWQ3ZWYSdHVzLWNlbnRyYWwxLWRvY2tlci5wa2cuZGV2L3l1c2hlZi1iMzUzNC9nY2YtYXJ0aWZhY3RzL3l1c2hlZi0tYjM1MzRfX3VzLS1jZW50cmFsMV9fc2VuZF9udWRnZV9ub3RpZmljYXRpb246dmVyc2lvbl8xGOHYyIT6GSJLcHJvamVjdHMveXVzaGVmLWIzNTM0L2xvY2F0aW9ucy91cy1jZW50cmFsMS9mdW5jdGlvbnMvc2VuZE51ZGdlTm90aWZpY2F0aW9uKgwIkIrizwYQsIOHuwIyCG5vZGVqczI0OnYKI2djci5pby9nYWUtcnVudGltZXMvbm9kZWpzMjQ6c3RhYmxlEk91cy1jZW50cmFsMS1kb2NrZXIucGtnLmRldi9zZXJ2ZXJsZXNzLXJ1bnRpbWVzL2dvb2dsZS0yNC1mdWxsL3J1bnRpbWVzL25vZGVqczI0QAE= for region us-central1
[debug] [2026-05-04T11:38:28.921Z] [create-default-us-central1-sendNudgeNotification] Retrying task index 0
[debug] [2026-05-04T11:38:28.927Z] Checked if tokens are valid: true, expires at: 1777896511101
[debug] [2026-05-04T11:38:28.928Z] Checked if tokens are valid: true, expires at: 1777896511101
[debug] [2026-05-04T11:38:28.928Z] >>> [apiv2][query] GET https://cloudfunctions.googleapis.com/v2/projects/yushef-b3534/locations/us-central1/operations/operation-1777894594375-650fc57bef0e8-d07fd474-d1d3ac54 [none]
[debug] [2026-05-04T11:38:29.269Z] <<< [apiv2][status] GET https://cloudfunctions.googleapis.com/v2/projects/yushef-b3534/locations/us-central1/operations/operation-1777894594375-650fc57bef0e8-d07fd474-d1d3ac54 200
[debug] [2026-05-04T11:38:29.270Z] <<< [apiv2][body] GET https://cloudfunctions.googleapis.com/v2/projects/yushef-b3534/locations/us-central1/operations/operation-1777894594375-650fc57bef0e8-d07fd474-d1d3ac54 {"name":"projects/yushef-b3534/locations/us-central1/operations/operation-1777894594375-650fc57bef0e8-d07fd474-d1d3ac54","metadata":{"@type":"type.googleapis.com/google.cloud.functions.v2.OperationMetadata","createTime":"2026-05-04T11:36:42.926586487Z","endTime":"2026-05-04T11:38:24.185289244Z","target":"projects/yushef-b3534/locations/us-central1/functions/sendNudgeNotification","verb":"create","cancelRequested":false,"apiVersion":"v2","requestResource":{"@type":"type.googleapis.com/google.cloud.functions.v2.Function","name":"projects/yushef-b3534/locations/us-central1/functions/sendNudgeNotification","buildConfig":{"runtime":"nodejs24","entryPoint":"sendNudgeNotification","source":{"storageSource":{"bucket":"gcf-v2-sources-891752164449-us-central1","object":"sendNudgeNotification/function-source.zip","generation":"1777894594650210"}},"environmentVariables":{"GOOGLE_NODE_RUN_SCRIPTS":""},"serviceAccount":"projects/yushef-b3534/serviceAccounts/891752164449-compute@developer.gserviceaccount.com","automaticUpdatePolicy":{}},"serviceConfig":{"service":"projects/yushef-b3534/locations/us-central1/services/sendnudgenotification","timeoutSeconds":60,"environmentVariables":{"FIREBASE_CONFIG":"{\"projectId\":\"yushef-b3534\",\"storageBucket\":\"yushef-b3534.firebasestorage.app\"}","GCLOUD_PROJECT":"yushef-b3534","EVENTARC_CLOUD_EVENT_SOURCE":"projects/yushef-b3534/locations/us-central1/services/sendNudgeNotification","FUNCTION_SIGNATURE_TYPE":"cloudevent","FUNCTION_TARGET":"sendNudgeNotification","LOG_EXECUTION_ID":"true"},"maxInstanceCount":10,"ingressSettings":"ALLOW_ALL","serviceAccountEmail":"891752164449-compute@developer.gserviceaccount.com","availableMemory":"256Mi","maxInstanceRequestConcurrency":80,"availableCpu":"1"},"eventTrigger":{"trigger":"projects/yushef-b3534/locations/eur3/triggers/sendnudgenotification-800920","triggerRegion":"eur3","eventType":"google.cloud.firestore.document.v1.created","eventFilters":[{"attribute":"database","value":"(default)"},{"attribute":"namespace","value":"(default)"},{"attribute":"document","value":"couples/{coupleId}/nudges/{nudgeId}","operator":"match-path-pattern"}],"serviceAccountEmail":"891752164449-compute@developer.gserviceaccount.com","retryPolicy":"RETRY_POLICY_DO_NOT_RETRY"},"labels":{"deployment-tool":"cli-firebase","firebase-functions-hash":"a9f7e9680c786df0cb14b07a6812cbcee9a9bc0b"},"environment":"GEN_2"},"stages":[{"name":"BUILD","message":"Build finished","state":"COMPLETE","resource":"projects/891752164449/locations/us-central1/builds/e66222a2-3aec-4b88-9e35-42ec95aad7ef","resourceUri":"https://console.cloud.google.com/cloud-build/builds;region=us-central1/e66222a2-3aec-4b88-9e35-42ec95aad7ef?project=891752164449"},{"name":"SERVICE","message":"Creating Cloud Run service","state":"COMPLETE","resource":"projects/yushef-b3534/locations/us-central1/services/sendnudgenotification","resourceUri":"https://console.cloud.google.com/run/detail/us-central1/sendnudgenotification?project=yushef-b3534"},{"name":"TRIGGER","message":"Creating Eventarc trigger","state":"COMPLETE","resource":"projects/yushef-b3534/locations/eur3/triggers/sendnudgenotification-800920"}],"sourceToken":"Cldwcm9qZWN0cy84OTE3NTIxNjQ0NDkvbG9jYXRpb25zL3VzLWNlbnRyYWwxL2J1aWxkcy9lNjYyMjJhMi0zYWVjLTRiODgtOWUzNS00MmVjOTVhYWQ3ZWYSdHVzLWNlbnRyYWwxLWRvY2tlci5wa2cuZGV2L3l1c2hlZi1iMzUzNC9nY2YtYXJ0aWZhY3RzL3l1c2hlZi0tYjM1MzRfX3VzLS1jZW50cmFsMV9fc2VuZF9udWRnZV9ub3RpZmljYXRpb246dmVyc2lvbl8xGOHYyIT6GSJLcHJvamVjdHMveXVzaGVmLWIzNTM0L2xvY2F0aW9ucy91cy1jZW50cmFsMS9mdW5jdGlvbnMvc2VuZE51ZGdlTm90aWZpY2F0aW9uKgwIkIrizwYQsIOHuwIyCG5vZGVqczI0OnYKI2djci5pby9nYWUtcnVudGltZXMvbm9kZWpzMjQ6c3RhYmxlEk91cy1jZW50cmFsMS1kb2NrZXIucGtnLmRldi9zZXJ2ZXJsZXNzLXJ1bnRpbWVzL2dvb2dsZS0yNC1mdWxsL3J1bnRpbWVzL25vZGVqczI0QAE=","operationType":"CREATE_FUNCTION","buildName":"projects/891752164449/locations/us-central1/builds/e66222a2-3aec-4b88-9e35-42ec95aad7ef"},"done":true,"response":{"@type":"type.googleapis.com/google.cloud.functions.v2.Function","name":"projects/yushef-b3534/locations/us-central1/functions/sendNudgeNotification","buildConfig":{"build":"projects/891752164449/locations/us-central1/builds/e66222a2-3aec-4b88-9e35-42ec95aad7ef","runtime":"nodejs24","entryPoint":"sendNudgeNotification","source":{"storageSource":{"bucket":"gcf-v2-sources-891752164449-us-central1","object":"sendNudgeNotification/function-source.zip","generation":"1777894594650210"}},"environmentVariables":{"GOOGLE_NODE_RUN_SCRIPTS":""},"dockerRepository":"projects/yushef-b3534/locations/us-central1/repositories/gcf-artifacts","sourceProvenance":{"resolvedStorageSource":{"bucket":"gcf-v2-sources-891752164449-us-central1","object":"sendNudgeNotification/function-source.zip","generation":"1777894594650210"}},"dockerRegistry":"ARTIFACT_REGISTRY","serviceAccount":"projects/yushef-b3534/serviceAccounts/891752164449-compute@developer.gserviceaccount.com","automaticUpdatePolicy":{}},"serviceConfig":{"service":"projects/yushef-b3534/locations/us-central1/services/sendnudgenotification","timeoutSeconds":60,"environmentVariables":{"FIREBASE_CONFIG":"{\"projectId\":\"yushef-b3534\",\"storageBucket\":\"yushef-b3534.firebasestorage.app\"}","GCLOUD_PROJECT":"yushef-b3534","EVENTARC_CLOUD_EVENT_SOURCE":"projects/yushef-b3534/locations/us-central1/services/sendNudgeNotification","FUNCTION_SIGNATURE_TYPE":"cloudevent","FUNCTION_TARGET":"sendNudgeNotification","LOG_EXECUTION_ID":"true"},"maxInstanceCount":10,"ingressSettings":"ALLOW_ALL","uri":"https://sendnudgenotification-xuavpmukqq-uc.a.run.app","serviceAccountEmail":"891752164449-compute@developer.gserviceaccount.com","availableMemory":"256Mi","allTrafficOnLatestRevision":true,"revision":"sendnudgenotification-00001-noy","maxInstanceRequestConcurrency":80,"availableCpu":"1"},"eventTrigger":{"trigger":"projects/yushef-b3534/locations/eur3/triggers/sendnudgenotification-800920","triggerRegion":"eur3","eventType":"google.cloud.firestore.document.v1.created","eventFilters":[{"attribute":"database","value":"(default)"},{"attribute":"namespace","value":"(default)"},{"attribute":"document","value":"couples/{coupleId}/nudges/{nudgeId}","operator":"match-path-pattern"}],"pubsubTopic":"projects/yushef-b3534/topics/eventarc-eur3-sendnudgenotification-800920-465","serviceAccountEmail":"891752164449-compute@developer.gserviceaccount.com","retryPolicy":"RETRY_POLICY_DO_NOT_RETRY"},"state":"ACTIVE","updateTime":"2026-05-04T11:36:42.915783437Z","labels":{"deployment-tool":"cli-firebase","firebase-functions-hash":"a9f7e9680c786df0cb14b07a6812cbcee9a9bc0b"},"environment":"GEN_2","url":"https://us-central1-yushef-b3534.cloudfunctions.net/sendNudgeNotification","createTime":"2026-05-04T11:36:42.915783437Z","satisfiesPzi":true}}
[debug] [2026-05-04T11:38:29.272Z] Got source token Cldwcm9qZWN0cy84OTE3NTIxNjQ0NDkvbG9jYXRpb25zL3VzLWNlbnRyYWwxL2J1aWxkcy9lNjYyMjJhMi0zYWVjLTRiODgtOWUzNS00MmVjOTVhYWQ3ZWYSdHVzLWNlbnRyYWwxLWRvY2tlci5wa2cuZGV2L3l1c2hlZi1iMzUzNC9nY2YtYXJ0aWZhY3RzL3l1c2hlZi0tYjM1MzRfX3VzLS1jZW50cmFsMV9fc2VuZF9udWRnZV9ub3RpZmljYXRpb246dmVyc2lvbl8xGOHYyIT6GSJLcHJvamVjdHMveXVzaGVmLWIzNTM0L2xvY2F0aW9ucy91cy1jZW50cmFsMS9mdW5jdGlvbnMvc2VuZE51ZGdlTm90aWZpY2F0aW9uKgwIkIrizwYQsIOHuwIyCG5vZGVqczI0OnYKI2djci5pby9nYWUtcnVudGltZXMvbm9kZWpzMjQ6c3RhYmxlEk91cy1jZW50cmFsMS1kb2NrZXIucGtnLmRldi9zZXJ2ZXJsZXNzLXJ1bnRpbWVzL2dvb2dsZS0yNC1mdWxsL3J1bnRpbWVzL25vZGVqczI0QAE= for region us-central1
[info] ✔  functions[sendNudgeNotification(us-central1)] Successful create operation. 
[debug] [2026-05-04T11:38:29.295Z] Total Function Deployment time: 115690
[debug] [2026-05-04T11:38:29.295Z] 1 Functions Deployed
[debug] [2026-05-04T11:38:29.295Z] 0 Functions Errored
[debug] [2026-05-04T11:38:29.295Z] 0 Function Deployments Aborted
[debug] [2026-05-04T11:38:29.295Z] Average Function Deployment time: 115687
[debug] [2026-05-04T11:38:29.516Z] Checked if tokens are valid: true, expires at: 1777896511101
[debug] [2026-05-04T11:38:29.517Z] Checked if tokens are valid: true, expires at: 1777896511101
[debug] [2026-05-04T11:38:29.517Z] >>> [apiv2][query] GET https://artifactregistry.googleapis.com/v1/projects/yushef-b3534/locations/us-central1/repositories/gcf-artifacts [none]
[debug] [2026-05-04T11:38:30.425Z] <<< [apiv2][status] GET https://artifactregistry.googleapis.com/v1/projects/yushef-b3534/locations/us-central1/repositories/gcf-artifacts 200
[debug] [2026-05-04T11:38:30.426Z] <<< [apiv2][body] GET https://artifactregistry.googleapis.com/v1/projects/yushef-b3534/locations/us-central1/repositories/gcf-artifacts {"name":"projects/yushef-b3534/locations/us-central1/repositories/gcf-artifacts","format":"DOCKER","description":"This repository is created and used by Cloud Functions for storing function docker images.","labels":{"goog-managed-by":"cloudfunctions"},"createTime":"2026-05-04T11:37:04.075185Z","updateTime":"2026-05-04T11:37:47.031321Z","mode":"STANDARD_REPOSITORY","sizeBytes":"103901840","vulnerabilityScanningConfig":{"lastEnableTime":"2026-05-04T11:36:43.149788525Z","enablementState":"SCANNING_DISABLED","enablementStateReason":"API containerscanning.googleapis.com is not enabled."},"satisfiesPzi":true,"registryUri":"us-central1-docker.pkg.dev/yushef-b3534/gcf-artifacts"}
[warn] ⚠  functions: No cleanup policy detected for repositories in us-central1. This may result in a small monthly bill as container images accumulate over time. 
[error] 
[error] Error: Functions successfully deployed but could not set up cleanup policy in location us-central1. Pass the --force option to automatically set up a cleanup policy or run 'firebase functions:artifacts:setpolicy' to manually set up a cleanup policy.
[debug] [2026-05-04T11:38:40.561Z] ----------------------------------------------------------------------
[debug] [2026-05-04T11:38:40.570Z] Command:       /opt/homebrew/Cellar/node/23.7.0/bin/node /opt/homebrew/bin/firebase functions:list
[debug] [2026-05-04T11:38:40.571Z] CLI Version:   15.16.0
[debug] [2026-05-04T11:38:40.571Z] Platform:      darwin
[debug] [2026-05-04T11:38:40.571Z] Node Version:  v23.7.0
[debug] [2026-05-04T11:38:40.571Z] Time:          Mon May 04 2026 14:38:40 GMT+0300 (Eastern European Summer Time)
[debug] [2026-05-04T11:38:40.571Z] ----------------------------------------------------------------------
[debug] 
[debug] [2026-05-04T11:38:40.699Z] > command requires scopes: ["email","openid","https://www.googleapis.com/auth/cloudplatformprojects.readonly","https://www.googleapis.com/auth/firebase","https://www.googleapis.com/auth/cloud-platform"]
[debug] [2026-05-04T11:38:40.699Z] > authorizing via signed-in user (yoyo.ah360@gmail.com)
[debug] [2026-05-04T11:38:40.699Z] [iam] checking project yushef-b3534 for permissions ["cloudfunctions.functions.list","firebase.projects.get","run.services.list"]
[debug] [2026-05-04T11:38:40.700Z] Checked if tokens are valid: true, expires at: 1777896511101
[debug] [2026-05-04T11:38:40.700Z] Checked if tokens are valid: true, expires at: 1777896511101
[debug] [2026-05-04T11:38:40.700Z] >>> [apiv2][query] POST https://cloudresourcemanager.googleapis.com/v1/projects/yushef-b3534:testIamPermissions [none]
[debug] [2026-05-04T11:38:40.700Z] >>> [apiv2][(partial)header] POST https://cloudresourcemanager.googleapis.com/v1/projects/yushef-b3534:testIamPermissions  x-goog-user-project=yushef-b3534
[debug] [2026-05-04T11:38:40.701Z] >>> [apiv2][body] POST https://cloudresourcemanager.googleapis.com/v1/projects/yushef-b3534:testIamPermissions {"permissions":["cloudfunctions.functions.list","firebase.projects.get","run.services.list"]}
[debug] [2026-05-04T11:38:41.950Z] <<< [apiv2][status] POST https://cloudresourcemanager.googleapis.com/v1/projects/yushef-b3534:testIamPermissions 200
[debug] [2026-05-04T11:38:41.950Z] <<< [apiv2][body] POST https://cloudresourcemanager.googleapis.com/v1/projects/yushef-b3534:testIamPermissions {"permissions":["cloudfunctions.functions.list","firebase.projects.get","run.services.list"]}
[debug] [2026-05-04T11:38:41.951Z] Checked if tokens are valid: true, expires at: 1777896511101
[debug] [2026-05-04T11:38:41.951Z] Checked if tokens are valid: true, expires at: 1777896511101
[debug] [2026-05-04T11:38:41.952Z] >>> [apiv2][query] GET https://cloudfunctions.googleapis.com/v1/projects/yushef-b3534/locations/-/functions [none]
[debug] [2026-05-04T11:38:42.881Z] <<< [apiv2][status] GET https://cloudfunctions.googleapis.com/v1/projects/yushef-b3534/locations/-/functions 200
[debug] [2026-05-04T11:38:42.882Z] <<< [apiv2][body] GET https://cloudfunctions.googleapis.com/v1/projects/yushef-b3534/locations/-/functions {}
[debug] [2026-05-04T11:38:42.883Z] Checked if tokens are valid: true, expires at: 1777896511101
[debug] [2026-05-04T11:38:42.883Z] Checked if tokens are valid: true, expires at: 1777896511101
[debug] [2026-05-04T11:38:42.883Z] >>> [apiv2][query] GET https://cloudfunctions.googleapis.com/v2/projects/yushef-b3534/locations/-/functions filter=environment%3D%22GEN_2%22
[debug] [2026-05-04T11:38:43.953Z] <<< [apiv2][status] GET https://cloudfunctions.googleapis.com/v2/projects/yushef-b3534/locations/-/functions 200
[debug] [2026-05-04T11:38:43.961Z] <<< [apiv2][body] GET https://cloudfunctions.googleapis.com/v2/projects/yushef-b3534/locations/-/functions {"functions":[{"name":"projects/yushef-b3534/locations/us-central1/functions/sendNudgeNotification","buildConfig":{"build":"projects/891752164449/locations/us-central1/builds/e66222a2-3aec-4b88-9e35-42ec95aad7ef","runtime":"nodejs24","entryPoint":"sendNudgeNotification","source":{"storageSource":{"bucket":"gcf-v2-sources-891752164449-us-central1","object":"sendNudgeNotification/function-source.zip","generation":"1777894594650210"}},"environmentVariables":{"GOOGLE_NODE_RUN_SCRIPTS":""},"dockerRepository":"projects/yushef-b3534/locations/us-central1/repositories/gcf-artifacts","sourceProvenance":{"resolvedStorageSource":{"bucket":"gcf-v2-sources-891752164449-us-central1","object":"sendNudgeNotification/function-source.zip","generation":"1777894594650210"}},"dockerRegistry":"ARTIFACT_REGISTRY","serviceAccount":"projects/yushef-b3534/serviceAccounts/891752164449-compute@developer.gserviceaccount.com","automaticUpdatePolicy":{}},"serviceConfig":{"service":"projects/yushef-b3534/locations/us-central1/services/sendnudgenotification","timeoutSeconds":60,"environmentVariables":{"FIREBASE_CONFIG":"{\"projectId\":\"yushef-b3534\",\"storageBucket\":\"yushef-b3534.firebasestorage.app\"}","GCLOUD_PROJECT":"yushef-b3534","EVENTARC_CLOUD_EVENT_SOURCE":"projects/yushef-b3534/locations/us-central1/services/sendNudgeNotification","FUNCTION_SIGNATURE_TYPE":"cloudevent","FUNCTION_TARGET":"sendNudgeNotification","LOG_EXECUTION_ID":"true"},"maxInstanceCount":10,"ingressSettings":"ALLOW_ALL","uri":"https://sendnudgenotification-xuavpmukqq-uc.a.run.app","serviceAccountEmail":"891752164449-compute@developer.gserviceaccount.com","availableMemory":"256Mi","allTrafficOnLatestRevision":true,"revision":"sendnudgenotification-00001-noy","maxInstanceRequestConcurrency":80,"availableCpu":"1"},"eventTrigger":{"trigger":"projects/yushef-b3534/locations/eur3/triggers/sendnudgenotification-800920","triggerRegion":"eur3","eventType":"google.cloud.firestore.document.v1.created","eventFilters":[{"attribute":"database","value":"(default)"},{"attribute":"namespace","value":"(default)"},{"attribute":"document","value":"couples/{coupleId}/nudges/{nudgeId}","operator":"match-path-pattern"}],"pubsubTopic":"projects/yushef-b3534/topics/eventarc-eur3-sendnudgenotification-800920-465","serviceAccountEmail":"891752164449-compute@developer.gserviceaccount.com","retryPolicy":"RETRY_POLICY_DO_NOT_RETRY"},"state":"ACTIVE","updateTime":"2026-05-04T11:38:24.747247709Z","labels":{"deployment-tool":"cli-firebase","firebase-functions-hash":"a9f7e9680c786df0cb14b07a6812cbcee9a9bc0b"},"environment":"GEN_2","url":"https://us-central1-yushef-b3534.cloudfunctions.net/sendNudgeNotification","createTime":"2026-05-04T11:36:42.915783437Z","satisfiesPzi":true}]}
[info] ┌───────────────────────┬─────────┬────────────────────────────────────────────┬─────────────┬────────┬──────────┐
│ Function              │ Version │ Trigger                                    │ Location    │ Memory │ Runtime  │
├───────────────────────┼─────────┼────────────────────────────────────────────┼─────────────┼────────┼──────────┤
│ sendNudgeNotification │ v2      │ google.cloud.firestore.document.v1.created │ us-central1 │ 256    │ nodejs24 │
└───────────────────────┴─────────┴────────────────────────────────────────────┴─────────────┴────────┴──────────┘
[debug] [2026-05-04T11:56:29.887Z] ----------------------------------------------------------------------
[debug] [2026-05-04T11:56:29.889Z] Command:       /opt/homebrew/Cellar/node/23.7.0/bin/node /opt/homebrew/bin/firebase deploy --only functions
[debug] [2026-05-04T11:56:29.890Z] CLI Version:   15.16.0
[debug] [2026-05-04T11:56:29.890Z] Platform:      darwin
[debug] [2026-05-04T11:56:29.890Z] Node Version:  v23.7.0
[debug] [2026-05-04T11:56:29.890Z] Time:          Mon May 04 2026 14:56:29 GMT+0300 (Eastern European Summer Time)
[debug] [2026-05-04T11:56:29.890Z] ----------------------------------------------------------------------
[debug] 
[debug] [2026-05-04T11:56:30.718Z] > command requires scopes: ["email","openid","https://www.googleapis.com/auth/cloudplatformprojects.readonly","https://www.googleapis.com/auth/firebase","https://www.googleapis.com/auth/cloud-platform"]
[debug] [2026-05-04T11:56:30.719Z] > authorizing via signed-in user (yoyo.ah360@gmail.com)
[debug] [2026-05-04T11:56:30.719Z] [iam] checking project yushef-b3534 for permissions ["cloudfunctions.functions.create","cloudfunctions.functions.delete","cloudfunctions.functions.get","cloudfunctions.functions.list","cloudfunctions.functions.update","cloudfunctions.operations.get","firebase.projects.get"]
[debug] [2026-05-04T11:56:30.720Z] Checked if tokens are valid: false, expires at: 1777896511101
[debug] [2026-05-04T11:56:30.720Z] Checked if tokens are valid: false, expires at: 1777896511101
[debug] [2026-05-04T11:56:30.720Z] > refreshing access token with scopes: []
[debug] [2026-05-04T11:56:30.721Z] >>> [apiv2][query] POST https://www.googleapis.com/oauth2/v3/token [none]
[debug] [2026-05-04T11:56:30.721Z] >>> [apiv2][body] POST https://www.googleapis.com/oauth2/v3/token [omitted]
[debug] [2026-05-04T11:56:31.020Z] <<< [apiv2][status] POST https://www.googleapis.com/oauth2/v3/token 200
[debug] [2026-05-04T11:56:31.020Z] <<< [apiv2][body] POST https://www.googleapis.com/oauth2/v3/token [omitted]
[debug] [2026-05-04T11:56:31.034Z] >>> [apiv2][query] POST https://cloudresourcemanager.googleapis.com/v1/projects/yushef-b3534:testIamPermissions [none]
[debug] [2026-05-04T11:56:31.035Z] >>> [apiv2][(partial)header] POST https://cloudresourcemanager.googleapis.com/v1/projects/yushef-b3534:testIamPermissions  x-goog-user-project=yushef-b3534
[debug] [2026-05-04T11:56:31.035Z] >>> [apiv2][body] POST https://cloudresourcemanager.googleapis.com/v1/projects/yushef-b3534:testIamPermissions {"permissions":["cloudfunctions.functions.create","cloudfunctions.functions.delete","cloudfunctions.functions.get","cloudfunctions.functions.list","cloudfunctions.functions.update","cloudfunctions.operations.get","firebase.projects.get"]}
[debug] [2026-05-04T11:56:32.253Z] <<< [apiv2][status] POST https://cloudresourcemanager.googleapis.com/v1/projects/yushef-b3534:testIamPermissions 200
[debug] [2026-05-04T11:56:32.254Z] <<< [apiv2][body] POST https://cloudresourcemanager.googleapis.com/v1/projects/yushef-b3534:testIamPermissions {"permissions":["cloudfunctions.functions.create","cloudfunctions.functions.delete","cloudfunctions.functions.get","cloudfunctions.functions.list","cloudfunctions.functions.update","cloudfunctions.operations.get","firebase.projects.get"]}
[debug] [2026-05-04T11:56:32.254Z] Checked if tokens are valid: true, expires at: 1777899390020
[debug] [2026-05-04T11:56:32.254Z] Checked if tokens are valid: true, expires at: 1777899390020
[debug] [2026-05-04T11:56:32.255Z] >>> [apiv2][query] POST https://iam.googleapis.com/v1/projects/yushef-b3534/serviceAccounts/yushef-b3534@appspot.gserviceaccount.com:testIamPermissions [none]
[debug] [2026-05-04T11:56:32.255Z] >>> [apiv2][body] POST https://iam.googleapis.com/v1/projects/yushef-b3534/serviceAccounts/yushef-b3534@appspot.gserviceaccount.com:testIamPermissions {"permissions":["iam.serviceAccounts.actAs"]}
[debug] [2026-05-04T11:56:33.146Z] <<< [apiv2][status] POST https://iam.googleapis.com/v1/projects/yushef-b3534/serviceAccounts/yushef-b3534@appspot.gserviceaccount.com:testIamPermissions 200
[debug] [2026-05-04T11:56:33.147Z] <<< [apiv2][body] POST https://iam.googleapis.com/v1/projects/yushef-b3534/serviceAccounts/yushef-b3534@appspot.gserviceaccount.com:testIamPermissions {"permissions":["iam.serviceAccounts.actAs"]}
[info] 
[info] === Deploying to 'yushef-b3534'...
[info] 
[info] i  deploying functions 
[debug] [2026-05-04T11:56:33.153Z] Checked if tokens are valid: true, expires at: 1777899390020
[debug] [2026-05-04T11:56:33.153Z] Checked if tokens are valid: true, expires at: 1777899390020
[debug] [2026-05-04T11:56:33.153Z] >>> [apiv2][query] GET https://cloudresourcemanager.googleapis.com/v1/projects/yushef-b3534 [none]
[debug] [2026-05-04T11:56:33.369Z] <<< [apiv2][status] GET https://cloudresourcemanager.googleapis.com/v1/projects/yushef-b3534 200
[debug] [2026-05-04T11:56:33.369Z] <<< [apiv2][body] GET https://cloudresourcemanager.googleapis.com/v1/projects/yushef-b3534 {"projectNumber":"891752164449","projectId":"yushef-b3534","lifecycleState":"ACTIVE","name":"yushef","labels":{"firebase":"enabled","firebase-core":"disabled"},"createTime":"2026-05-01T13:17:51.618Z"}
[info] i  functions: preparing codebase default for deployment 
[info] i  functions: ensuring required API cloudfunctions.googleapis.com is enabled... 
[info] i  functions: ensuring required API cloudbuild.googleapis.com is enabled... 
[info] i  artifactregistry: ensuring required API artifactregistry.googleapis.com is enabled... 
[debug] [2026-05-04T11:56:33.370Z] Checked if tokens are valid: true, expires at: 1777899390020
[debug] [2026-05-04T11:56:33.370Z] Checked if tokens are valid: true, expires at: 1777899390020
[debug] [2026-05-04T11:56:33.371Z] >>> [apiv2][query] GET https://firebase.googleapis.com/v1beta1/projects/yushef-b3534/adminSdkConfig [none]
[debug] [2026-05-04T11:56:34.076Z] <<< [apiv2][status] GET https://firebase.googleapis.com/v1beta1/projects/yushef-b3534/adminSdkConfig 200
[debug] [2026-05-04T11:56:34.076Z] <<< [apiv2][body] GET https://firebase.googleapis.com/v1beta1/projects/yushef-b3534/adminSdkConfig {"projectId":"yushef-b3534","storageBucket":"yushef-b3534.firebasestorage.app"}
[debug] [2026-05-04T11:56:34.078Z] Validating nodejs source
[debug] [2026-05-04T11:56:34.968Z] > [functions] package.json contents: {
  "name": "functions",
  "description": "Cloud Functions for Firebase",
  "scripts": {
    "serve": "firebase emulators:start --only functions",
    "shell": "firebase functions:shell",
    "start": "npm run shell",
    "deploy": "firebase deploy --only functions",
    "logs": "firebase functions:log"
  },
  "engines": {
    "node": "24"
  },
  "main": "index.js",
  "dependencies": {
    "firebase-admin": "^13.6.0",
    "firebase-functions": "^7.0.0"
  },
  "devDependencies": {
    "firebase-functions-test": "^3.4.1"
  },
  "private": true
}
[debug] [2026-05-04T11:56:34.969Z] Building nodejs source
[info] i  functions: Loading and analyzing source code for codebase default to determine what to deploy 
[debug] [2026-05-04T11:56:34.970Z] Could not find functions.yaml. Must use http discovery
[debug] [2026-05-04T11:56:34.976Z] Found firebase-functions binary at '/Users/youssefahmed/Projects/Yushef/functions/node_modules/.bin/firebase-functions'
[info] Serving at port 8419

[debug] [2026-05-04T11:56:35.340Z] Got response from /__/functions.yaml {"endpoints":{"sendNudgeNotification":{"availableMemoryMb":null,"timeoutSeconds":null,"minInstances":null,"maxInstances":10,"ingressSettings":null,"concurrency":null,"serviceAccountEmail":null,"vpc":null,"platform":"gcfv2","labels":{},"eventTrigger":{"eventType":"google.cloud.firestore.document.v1.created","eventFilters":{"database":"(default)","namespace":"(default)"},"eventFilterPathPatterns":{"document":"couples/{coupleId}/nudges/{nudgeId}"},"retry":false},"entryPoint":"sendNudgeNotification"}},"specVersion":"v1alpha1","requiredAPIs":[],"extensions":{}}
[info] i  extensions: ensuring required API firebaseextensions.googleapis.com is enabled... 
[debug] [2026-05-04T11:56:39.366Z] > command requires scopes: ["email","openid","https://www.googleapis.com/auth/cloudplatformprojects.readonly","https://www.googleapis.com/auth/firebase","https://www.googleapis.com/auth/cloud-platform"]
[debug] [2026-05-04T11:56:39.367Z] > authorizing via signed-in user (yoyo.ah360@gmail.com)
[debug] [2026-05-04T11:56:39.367Z] [iam] checking project yushef-b3534 for permissions ["firebase.projects.get","firebaseextensions.instances.list"]
[debug] [2026-05-04T11:56:39.367Z] Checked if tokens are valid: true, expires at: 1777899390020
[debug] [2026-05-04T11:56:39.368Z] Checked if tokens are valid: true, expires at: 1777899390020
[debug] [2026-05-04T11:56:39.368Z] >>> [apiv2][query] POST https://cloudresourcemanager.googleapis.com/v1/projects/yushef-b3534:testIamPermissions [none]
[debug] [2026-05-04T11:56:39.368Z] >>> [apiv2][(partial)header] POST https://cloudresourcemanager.googleapis.com/v1/projects/yushef-b3534:testIamPermissions  x-goog-user-project=yushef-b3534
[debug] [2026-05-04T11:56:39.368Z] >>> [apiv2][body] POST https://cloudresourcemanager.googleapis.com/v1/projects/yushef-b3534:testIamPermissions {"permissions":["firebase.projects.get","firebaseextensions.instances.list"]}
[debug] [2026-05-04T11:56:40.207Z] <<< [apiv2][status] POST https://cloudresourcemanager.googleapis.com/v1/projects/yushef-b3534:testIamPermissions 200
[debug] [2026-05-04T11:56:40.207Z] <<< [apiv2][body] POST https://cloudresourcemanager.googleapis.com/v1/projects/yushef-b3534:testIamPermissions {"permissions":["firebase.projects.get","firebaseextensions.instances.list"]}
[debug] [2026-05-04T11:56:40.208Z] Checked if tokens are valid: true, expires at: 1777899390020
[debug] [2026-05-04T11:56:40.208Z] Checked if tokens are valid: true, expires at: 1777899390020
[debug] [2026-05-04T11:56:40.209Z] >>> [apiv2][query] GET https://firebaseextensions.googleapis.com/v1beta/projects/yushef-b3534/instances pageSize=100&pageToken=
[debug] [2026-05-04T11:56:41.200Z] <<< [apiv2][status] GET https://firebaseextensions.googleapis.com/v1beta/projects/yushef-b3534/instances 200
[debug] [2026-05-04T11:56:41.200Z] <<< [apiv2][body] GET https://firebaseextensions.googleapis.com/v1beta/projects/yushef-b3534/instances {}
[info] i  functions: preparing functions directory for uploading... 
[info] i  functions: packaged /Users/youssefahmed/Projects/Yushef/functions (67.53 KB) for uploading 
[debug] [2026-05-04T11:56:41.237Z] Checked if tokens are valid: true, expires at: 1777899390020
[debug] [2026-05-04T11:56:41.237Z] Checked if tokens are valid: true, expires at: 1777899390020
[debug] [2026-05-04T11:56:41.237Z] >>> [apiv2][query] GET https://cloudfunctions.googleapis.com/v1/projects/yushef-b3534/locations/-/functions [none]
[debug] [2026-05-04T11:56:42.214Z] <<< [apiv2][status] GET https://cloudfunctions.googleapis.com/v1/projects/yushef-b3534/locations/-/functions 200
[debug] [2026-05-04T11:56:42.215Z] <<< [apiv2][body] GET https://cloudfunctions.googleapis.com/v1/projects/yushef-b3534/locations/-/functions {}
[debug] [2026-05-04T11:56:42.215Z] Checked if tokens are valid: true, expires at: 1777899390020
[debug] [2026-05-04T11:56:42.216Z] Checked if tokens are valid: true, expires at: 1777899390020
[debug] [2026-05-04T11:56:42.216Z] >>> [apiv2][query] GET https://cloudfunctions.googleapis.com/v2/projects/yushef-b3534/locations/-/functions filter=environment%3D%22GEN_2%22
[debug] [2026-05-04T11:56:43.385Z] <<< [apiv2][status] GET https://cloudfunctions.googleapis.com/v2/projects/yushef-b3534/locations/-/functions 200
[debug] [2026-05-04T11:56:43.385Z] <<< [apiv2][body] GET https://cloudfunctions.googleapis.com/v2/projects/yushef-b3534/locations/-/functions {"functions":[{"name":"projects/yushef-b3534/locations/us-central1/functions/sendNudgeNotification","buildConfig":{"build":"projects/891752164449/locations/us-central1/builds/e66222a2-3aec-4b88-9e35-42ec95aad7ef","runtime":"nodejs24","entryPoint":"sendNudgeNotification","source":{"storageSource":{"bucket":"gcf-v2-sources-891752164449-us-central1","object":"sendNudgeNotification/function-source.zip","generation":"1777894594650210"}},"environmentVariables":{"GOOGLE_NODE_RUN_SCRIPTS":""},"dockerRepository":"projects/yushef-b3534/locations/us-central1/repositories/gcf-artifacts","sourceProvenance":{"resolvedStorageSource":{"bucket":"gcf-v2-sources-891752164449-us-central1","object":"sendNudgeNotification/function-source.zip","generation":"1777894594650210"}},"dockerRegistry":"ARTIFACT_REGISTRY","serviceAccount":"projects/yushef-b3534/serviceAccounts/891752164449-compute@developer.gserviceaccount.com","automaticUpdatePolicy":{}},"serviceConfig":{"service":"projects/yushef-b3534/locations/us-central1/services/sendnudgenotification","timeoutSeconds":60,"environmentVariables":{"FIREBASE_CONFIG":"{\"projectId\":\"yushef-b3534\",\"storageBucket\":\"yushef-b3534.firebasestorage.app\"}","GCLOUD_PROJECT":"yushef-b3534","EVENTARC_CLOUD_EVENT_SOURCE":"projects/yushef-b3534/locations/us-central1/services/sendNudgeNotification","FUNCTION_SIGNATURE_TYPE":"cloudevent","FUNCTION_TARGET":"sendNudgeNotification","LOG_EXECUTION_ID":"true"},"maxInstanceCount":10,"ingressSettings":"ALLOW_ALL","uri":"https://sendnudgenotification-xuavpmukqq-uc.a.run.app","serviceAccountEmail":"891752164449-compute@developer.gserviceaccount.com","availableMemory":"256Mi","allTrafficOnLatestRevision":true,"revision":"sendnudgenotification-00001-noy","maxInstanceRequestConcurrency":80,"availableCpu":"1"},"eventTrigger":{"trigger":"projects/yushef-b3534/locations/eur3/triggers/sendnudgenotification-800920","triggerRegion":"eur3","eventType":"google.cloud.firestore.document.v1.created","eventFilters":[{"attribute":"database","value":"(default)"},{"attribute":"namespace","value":"(default)"},{"attribute":"document","value":"couples/{coupleId}/nudges/{nudgeId}","operator":"match-path-pattern"}],"pubsubTopic":"projects/yushef-b3534/topics/eventarc-eur3-sendnudgenotification-800920-465","serviceAccountEmail":"891752164449-compute@developer.gserviceaccount.com","retryPolicy":"RETRY_POLICY_DO_NOT_RETRY"},"state":"ACTIVE","updateTime":"2026-05-04T11:38:24.747247709Z","labels":{"deployment-tool":"cli-firebase","firebase-functions-hash":"a9f7e9680c786df0cb14b07a6812cbcee9a9bc0b"},"environment":"GEN_2","url":"https://us-central1-yushef-b3534.cloudfunctions.net/sendNudgeNotification","createTime":"2026-05-04T11:36:42.915783437Z","satisfiesPzi":true}]}
[debug] [2026-05-04T11:56:43.388Z] Checked if tokens are valid: true, expires at: 1777899390020
[debug] [2026-05-04T11:56:43.388Z] Checked if tokens are valid: true, expires at: 1777899390020
[debug] [2026-05-04T11:56:43.388Z] >>> [apiv2][query] GET https://firestore.googleapis.com/v1/projects/yushef-b3534/databases/(default) [none]
[debug] [2026-05-04T11:56:43.702Z] <<< [apiv2][status] GET https://firestore.googleapis.com/v1/projects/yushef-b3534/databases/(default) 200
[debug] [2026-05-04T11:56:43.702Z] <<< [apiv2][body] GET https://firestore.googleapis.com/v1/projects/yushef-b3534/databases/(default) {"name":"projects/yushef-b3534/databases/(default)","uid":"19a91c2f-2403-4784-b82d-61b26ea00072","createTime":"2026-05-01T13:31:33.820771Z","updateTime":"2026-05-01T13:31:33.820771Z","locationId":"eur3","type":"FIRESTORE_NATIVE","concurrencyMode":"PESSIMISTIC","versionRetentionPeriod":"3600s","earliestVersionTime":"2026-05-04T10:56:43.764272Z","appEngineIntegrationMode":"DISABLED","keyPrefix":"e","pointInTimeRecoveryEnablement":"POINT_IN_TIME_RECOVERY_DISABLED","deleteProtectionState":"DELETE_PROTECTION_DISABLED","databaseEdition":"STANDARD","freeTier":true,"realtimeUpdatesMode":"REALTIME_UPDATES_MODE_ENABLED","etag":"IIz20v7Jn5QDMIfOmrmdmJQD"}
[info] i  functions: ensuring required API run.googleapis.com is enabled... 
[info] i  functions: ensuring required API eventarc.googleapis.com is enabled... 
[info] i  functions: ensuring required API pubsub.googleapis.com is enabled... 
[info] i  functions: ensuring required API storage.googleapis.com is enabled... 
[info] i  functions: generating the service identity for pubsub.googleapis.com... 
[debug] [2026-05-04T11:56:43.707Z] Checked if tokens are valid: true, expires at: 1777899390020
[debug] [2026-05-04T11:56:43.707Z] Checked if tokens are valid: true, expires at: 1777899390020
[info] i  functions: generating the service identity for eventarc.googleapis.com... 
[debug] [2026-05-04T11:56:43.707Z] Checked if tokens are valid: true, expires at: 1777899390020
[debug] [2026-05-04T11:56:43.707Z] Checked if tokens are valid: true, expires at: 1777899390020
[debug] [2026-05-04T11:56:43.708Z] >>> [apiv2][query] POST https://serviceusage.googleapis.com/v1beta1/projects/891752164449/services/pubsub.googleapis.com:generateServiceIdentity [none]
[debug] [2026-05-04T11:56:43.708Z] >>> [apiv2][(partial)header] POST https://serviceusage.googleapis.com/v1beta1/projects/891752164449/services/pubsub.googleapis.com:generateServiceIdentity  x-goog-user-project=891752164449
[debug] [2026-05-04T11:56:43.708Z] >>> [apiv2][body] POST https://serviceusage.googleapis.com/v1beta1/projects/891752164449/services/pubsub.googleapis.com:generateServiceIdentity {}
[debug] [2026-05-04T11:56:43.711Z] >>> [apiv2][query] POST https://serviceusage.googleapis.com/v1beta1/projects/891752164449/services/eventarc.googleapis.com:generateServiceIdentity [none]
[debug] [2026-05-04T11:56:43.711Z] >>> [apiv2][(partial)header] POST https://serviceusage.googleapis.com/v1beta1/projects/891752164449/services/eventarc.googleapis.com:generateServiceIdentity  x-goog-user-project=891752164449
[debug] [2026-05-04T11:56:43.711Z] >>> [apiv2][body] POST https://serviceusage.googleapis.com/v1beta1/projects/891752164449/services/eventarc.googleapis.com:generateServiceIdentity {}
[debug] [2026-05-04T11:56:44.775Z] <<< [apiv2][status] POST https://serviceusage.googleapis.com/v1beta1/projects/891752164449/services/eventarc.googleapis.com:generateServiceIdentity 200
[debug] [2026-05-04T11:56:44.775Z] <<< [apiv2][body] POST https://serviceusage.googleapis.com/v1beta1/projects/891752164449/services/eventarc.googleapis.com:generateServiceIdentity {"name":"operations/finished.DONE_OPERATION","done":true,"response":{"@type":"type.googleapis.com/google.api.serviceusage.v1beta1.ServiceIdentity","email":"service-891752164449@gcp-sa-eventarc.iam.gserviceaccount.com","uniqueId":"115659295689760112449"}}
[debug] [2026-05-04T11:56:44.838Z] <<< [apiv2][status] POST https://serviceusage.googleapis.com/v1beta1/projects/891752164449/services/pubsub.googleapis.com:generateServiceIdentity 200
[debug] [2026-05-04T11:56:44.838Z] <<< [apiv2][body] POST https://serviceusage.googleapis.com/v1beta1/projects/891752164449/services/pubsub.googleapis.com:generateServiceIdentity {"name":"operations/finished.DONE_OPERATION","done":true,"response":{"@type":"type.googleapis.com/google.api.serviceusage.v1beta1.ServiceIdentity","email":"service-891752164449@gcp-sa-pubsub.iam.gserviceaccount.com","uniqueId":"105316428544227268186"}}
[debug] [2026-05-04T11:56:44.842Z] Checked if tokens are valid: true, expires at: 1777899390020
[debug] [2026-05-04T11:56:44.842Z] Checked if tokens are valid: true, expires at: 1777899390020
[debug] [2026-05-04T11:56:44.842Z] >>> [apiv2][query] GET https://cloudresourcemanager.googleapis.com/v1/projects/yushef-b3534 [none]
[debug] [2026-05-04T11:56:45.102Z] <<< [apiv2][status] GET https://cloudresourcemanager.googleapis.com/v1/projects/yushef-b3534 200
[debug] [2026-05-04T11:56:45.102Z] <<< [apiv2][body] GET https://cloudresourcemanager.googleapis.com/v1/projects/yushef-b3534 {"projectNumber":"891752164449","projectId":"yushef-b3534","lifecycleState":"ACTIVE","name":"yushef","labels":{"firebase":"enabled","firebase-core":"disabled"},"createTime":"2026-05-01T13:17:51.618Z"}
[debug] [2026-05-04T11:56:45.102Z] Checked if tokens are valid: true, expires at: 1777899390020
[debug] [2026-05-04T11:56:45.102Z] Checked if tokens are valid: true, expires at: 1777899390020
[debug] [2026-05-04T11:56:45.102Z] >>> [apiv2][query] GET https://compute.googleapis.com/compute/v1/projects/891752164449 [none]
[debug] [2026-05-04T11:56:45.998Z] <<< [apiv2][status] GET https://compute.googleapis.com/compute/v1/projects/891752164449 403
[debug] [2026-05-04T11:56:45.998Z] <<< [apiv2][body] GET https://compute.googleapis.com/compute/v1/projects/891752164449 {"error":{"code":403,"message":"Compute Engine API has not been used in project 891752164449 before or it is disabled. Enable it by visiting https://console.developers.google.com/apis/api/compute.googleapis.com/overview?project=891752164449 then retry. If you enabled this API recently, wait a few minutes for the action to propagate to our systems and retry.","errors":[{"message":"Compute Engine API has not been used in project 891752164449 before or it is disabled. Enable it by visiting https://console.developers.google.com/apis/api/compute.googleapis.com/overview?project=891752164449 then retry. If you enabled this API recently, wait a few minutes for the action to propagate to our systems and retry.","domain":"usageLimits","reason":"accessNotConfigured","extendedHelp":"https://console.developers.google.com"}],"status":"PERMISSION_DENIED","details":[{"@type":"type.googleapis.com/google.rpc.ErrorInfo","reason":"SERVICE_DISABLED","domain":"googleapis.com","metadata":{"consumer":"projects/891752164449","serviceTitle":"Compute Engine API","containerInfo":"891752164449","activationUrl":"https://console.developers.google.com/apis/api/compute.googleapis.com/overview?project=891752164449","service":"compute.googleapis.com"}},{"@type":"type.googleapis.com/google.rpc.LocalizedMessage","locale":"en-US","message":"Compute Engine API has not been used in project 891752164449 before or it is disabled. Enable it by visiting https://console.developers.google.com/apis/api/compute.googleapis.com/overview?project=891752164449 then retry. If you enabled this API recently, wait a few minutes for the action to propagate to our systems and retry."},{"@type":"type.googleapis.com/google.rpc.Help","links":[{"description":"Google developers console API activation","url":"https://console.developers.google.com/apis/api/compute.googleapis.com/overview?project=891752164449"}]}]}}
[debug] [2026-05-04T11:56:45.999Z] unable to look up default compute service account. Falling back to 891752164449-compute@developer.gserviceaccount.com. Error: {"name":"FirebaseError","children":[],"context":{"body":{"error":{"code":403,"message":"Compute Engine API has not been used in project 891752164449 before or it is disabled. Enable it by visiting https://console.developers.google.com/apis/api/compute.googleapis.com/overview?project=891752164449 then retry. If you enabled this API recently, wait a few minutes for the action to propagate to our systems and retry.","errors":[{"message":"Compute Engine API has not been used in project 891752164449 before or it is disabled. Enable it by visiting https://console.developers.google.com/apis/api/compute.googleapis.com/overview?project=891752164449 then retry. If you enabled this API recently, wait a few minutes for the action to propagate to our systems and retry.","domain":"usageLimits","reason":"accessNotConfigured","extendedHelp":"https://console.developers.google.com"}],"status":"PERMISSION_DENIED","details":[{"@type":"type.googleapis.com/google.rpc.ErrorInfo","reason":"SERVICE_DISABLED","domain":"googleapis.com","metadata":{"consumer":"projects/891752164449","serviceTitle":"Compute Engine API","containerInfo":"891752164449","activationUrl":"https://console.developers.google.com/apis/api/compute.googleapis.com/overview?project=891752164449","service":"compute.googleapis.com"}},{"@type":"type.googleapis.com/google.rpc.LocalizedMessage","locale":"en-US","message":"Compute Engine API has not been used in project 891752164449 before or it is disabled. Enable it by visiting https://console.developers.google.com/apis/api/compute.googleapis.com/overview?project=891752164449 then retry. If you enabled this API recently, wait a few minutes for the action to propagate to our systems and retry."},{"@type":"type.googleapis.com/google.rpc.Help","links":[{"description":"Google developers console API activation","url":"https://console.developers.google.com/apis/api/compute.googleapis.com/overview?project=891752164449"}]}]}},"response":{"statusCode":403}},"exit":1,"message":"Request to https://compute.googleapis.com/compute/v1/projects/891752164449 had HTTP Error: 403, Compute Engine API has not been used in project 891752164449 before or it is disabled. Enable it by visiting https://console.developers.google.com/apis/api/compute.googleapis.com/overview?project=891752164449 then retry. If you enabled this API recently, wait a few minutes for the action to propagate to our systems and retry.","status":403}
[debug] [2026-05-04T11:56:46.000Z] Checked if tokens are valid: true, expires at: 1777899390020
[debug] [2026-05-04T11:56:46.000Z] Checked if tokens are valid: true, expires at: 1777899390020
[debug] [2026-05-04T11:56:46.000Z] >>> [apiv2][query] GET https://cloudbilling.googleapis.com/v1/projects/yushef-b3534/billingInfo [none]
[debug] [2026-05-04T11:56:46.854Z] <<< [apiv2][status] GET https://cloudbilling.googleapis.com/v1/projects/yushef-b3534/billingInfo 200
[debug] [2026-05-04T11:56:46.855Z] <<< [apiv2][body] GET https://cloudbilling.googleapis.com/v1/projects/yushef-b3534/billingInfo {"name":"projects/yushef-b3534/billingInfo","projectId":"yushef-b3534","billingAccountName":"billingAccounts/012913-CDCB6B-12D9BE","billingEnabled":true}
[debug] [2026-05-04T11:56:46.857Z] Checked if tokens are valid: true, expires at: 1777899390020
[debug] [2026-05-04T11:56:46.857Z] Checked if tokens are valid: true, expires at: 1777899390020
[debug] [2026-05-04T11:56:46.858Z] >>> [apiv2][query] POST https://cloudfunctions.googleapis.com/v2/projects/yushef-b3534/locations/us-central1/functions:generateUploadUrl [none]
[debug] [2026-05-04T11:56:47.675Z] <<< [apiv2][status] POST https://cloudfunctions.googleapis.com/v2/projects/yushef-b3534/locations/us-central1/functions:generateUploadUrl 200
[debug] [2026-05-04T11:56:47.675Z] <<< [apiv2][body] POST https://cloudfunctions.googleapis.com/v2/projects/yushef-b3534/locations/us-central1/functions:generateUploadUrl {"uploadUrl":"https://storage.googleapis.com/gcf-v2-uploads-891752164449.us-central1.cloudfunctions.appspot.com/be8eafcb-e5e5-4acd-85e4-9d7dded97a9a.zip?GoogleAccessId=service-891752164449@gcf-admin-robot.iam.gserviceaccount.com&Expires=1777897607&Signature=TQj12XCkRAQlbNhvzeoiTKdiPuPloEcNW8lfngyQlkpN33H8FzYf71WmCrgS3Wp2zdZ5cfAF9C3fUEuWBNAJB15UVvmIIv7ggQ7b1tnoOLSRY5q4IQe2Qir89905%2FT%2FsT%2FdGb7cKphHO%2F0HFrj15cslGLLenTqWPm8Qow3E%2Fx1WjUQXqrkyI48E93hiWAYdG7oEd%2B6WaHiJyTKoZhvjS3tMBaNyLtejVn%2BYcChzuGeL7oy1Ou2r3mOxnqvY2dDROV3opYLm%2BDvgiwyoRQFS%2F9qdlV7%2FEZr8QZyhxfflmbfrGKeuD%2BB4Q8UelQ7t5ioXdXFq9BtpT7HBAdZ%2FxPaKFFw%3D%3D","storageSource":{"bucket":"gcf-v2-uploads-891752164449.us-central1.cloudfunctions.appspot.com","object":"be8eafcb-e5e5-4acd-85e4-9d7dded97a9a.zip"}}
[debug] [2026-05-04T11:56:47.676Z] >>> [apiv2][query] PUT https://storage.googleapis.com/gcf-v2-uploads-891752164449.us-central1.cloudfunctions.appspot.com/be8eafcb-e5e5-4acd-85e4-9d7dded97a9a.zip GoogleAccessId=service-891752164449%40gcf-admin-robot.iam.gserviceaccount.com&Expires=1777897607&Signature=TQj12XCkRAQlbNhvzeoiTKdiPuPloEcNW8lfngyQlkpN33H8FzYf71WmCrgS3Wp2zdZ5cfAF9C3fUEuWBNAJB15UVvmIIv7ggQ7b1tnoOLSRY5q4IQe2Qir89905%2FT%2FsT%2FdGb7cKphHO%2F0HFrj15cslGLLenTqWPm8Qow3E%2Fx1WjUQXqrkyI48E93hiWAYdG7oEd%2B6WaHiJyTKoZhvjS3tMBaNyLtejVn%2BYcChzuGeL7oy1Ou2r3mOxnqvY2dDROV3opYLm%2BDvgiwyoRQFS%2F9qdlV7%2FEZr8QZyhxfflmbfrGKeuD%2BB4Q8UelQ7t5ioXdXFq9BtpT7HBAdZ%2FxPaKFFw%3D%3D
[debug] [2026-05-04T11:56:47.678Z] >>> [apiv2][body] PUT https://storage.googleapis.com/gcf-v2-uploads-891752164449.us-central1.cloudfunctions.appspot.com/be8eafcb-e5e5-4acd-85e4-9d7dded97a9a.zip [stream]
[debug] [2026-05-04T11:56:48.779Z] <<< [apiv2][status] PUT https://storage.googleapis.com/gcf-v2-uploads-891752164449.us-central1.cloudfunctions.appspot.com/be8eafcb-e5e5-4acd-85e4-9d7dded97a9a.zip 200
[debug] [2026-05-04T11:56:48.779Z] <<< [apiv2][body] PUT https://storage.googleapis.com/gcf-v2-uploads-891752164449.us-central1.cloudfunctions.appspot.com/be8eafcb-e5e5-4acd-85e4-9d7dded97a9a.zip [omitted]
[info] ✔  functions: functions source uploaded successfully 
[info] i  functions: updating Node.js 24 (2nd Gen) function sendNudgeNotification(us-central1)... 
[debug] [2026-05-04T11:56:48.793Z] Checked if tokens are valid: true, expires at: 1777899390020
[debug] [2026-05-04T11:56:48.793Z] Checked if tokens are valid: true, expires at: 1777899390020
[debug] [2026-05-04T11:56:48.793Z] >>> [apiv2][query] PATCH https://cloudfunctions.googleapis.com/v2/projects/yushef-b3534/locations/us-central1/functions/sendNudgeNotification updateMask=name%2CbuildConfig.runtime%2CbuildConfig.entryPoint%2CbuildConfig.source.storageSource.bucket%2CbuildConfig.source.storageSource.object%2CbuildConfig.environmentVariables%2CbuildConfig.sourceToken%2CserviceConfig.environmentVariables%2CserviceConfig.ingressSettings%2CserviceConfig.timeoutSeconds%2CserviceConfig.serviceAccountEmail%2CserviceConfig.availableMemory%2CserviceConfig.minInstanceCount%2CserviceConfig.maxInstanceCount%2CserviceConfig.maxInstanceRequestConcurrency%2CserviceConfig.availableCpu%2CserviceConfig.vpcConnector%2CserviceConfig.vpcConnectorEgressSettings%2CserviceConfig.directVpcNetworkInterface%2CserviceConfig.directVpcEgress%2Clabels%2CeventTrigger.eventType%2CeventTrigger.retryPolicy%2CeventTrigger.eventFilters%2CeventTrigger.triggerRegion
[debug] [2026-05-04T11:56:48.793Z] >>> [apiv2][body] PATCH https://cloudfunctions.googleapis.com/v2/projects/yushef-b3534/locations/us-central1/functions/sendNudgeNotification {"name":"projects/yushef-b3534/locations/us-central1/functions/sendNudgeNotification","buildConfig":{"runtime":"nodejs24","entryPoint":"sendNudgeNotification","source":{"storageSource":{"bucket":"gcf-v2-uploads-891752164449.us-central1.cloudfunctions.appspot.com","object":"be8eafcb-e5e5-4acd-85e4-9d7dded97a9a.zip"}},"environmentVariables":{"GOOGLE_NODE_RUN_SCRIPTS":""}},"serviceConfig":{"environmentVariables":{"FIREBASE_CONFIG":"{\"projectId\":\"yushef-b3534\",\"storageBucket\":\"yushef-b3534.firebasestorage.app\"}","GCLOUD_PROJECT":"yushef-b3534","EVENTARC_CLOUD_EVENT_SOURCE":"projects/yushef-b3534/locations/us-central1/services/sendNudgeNotification","FUNCTION_SIGNATURE_TYPE":"cloudevent","FUNCTION_TARGET":"sendNudgeNotification","LOG_EXECUTION_ID":"true"},"ingressSettings":null,"timeoutSeconds":null,"serviceAccountEmail":null,"availableMemory":"256Mi","minInstanceCount":null,"maxInstanceCount":10,"maxInstanceRequestConcurrency":80,"availableCpu":"1","vpcConnector":null,"vpcConnectorEgressSettings":null,"directVpcNetworkInterface":null,"directVpcEgress":null},"labels":{"deployment-tool":"cli-firebase","firebase-functions-hash":"16d181cd28e3a71479c04c2352d7e216d8aa7fae"},"eventTrigger":{"eventType":"google.cloud.firestore.document.v1.created","retryPolicy":"RETRY_POLICY_DO_NOT_RETRY","eventFilters":[{"attribute":"database","value":"(default)"},{"attribute":"namespace","value":"(default)"},{"attribute":"document","value":"couples/{coupleId}/nudges/{nudgeId}","operator":"match-path-pattern"}],"triggerRegion":"eur3"}}
[debug] [2026-05-04T11:56:50.985Z] <<< [apiv2][status] PATCH https://cloudfunctions.googleapis.com/v2/projects/yushef-b3534/locations/us-central1/functions/sendNudgeNotification 200
[debug] [2026-05-04T11:56:50.985Z] <<< [apiv2][body] PATCH https://cloudfunctions.googleapis.com/v2/projects/yushef-b3534/locations/us-central1/functions/sendNudgeNotification {"name":"projects/yushef-b3534/locations/us-central1/operations/operation-1777895809541-650fca02ce596-35521215-0b0afab1","metadata":{"@type":"type.googleapis.com/google.cloud.functions.v2.OperationMetadata","createTime":"2026-05-04T11:56:50.976706495Z","target":"projects/yushef-b3534/locations/us-central1/functions/sendNudgeNotification","verb":"update","cancelRequested":false,"apiVersion":"v2"},"done":false}
[debug] [2026-05-04T11:56:50.986Z] Checked if tokens are valid: true, expires at: 1777899390020
[debug] [2026-05-04T11:56:50.986Z] Checked if tokens are valid: true, expires at: 1777899390020
[debug] [2026-05-04T11:56:50.987Z] >>> [apiv2][query] GET https://cloudfunctions.googleapis.com/v2/projects/yushef-b3534/locations/us-central1/operations/operation-1777895809541-650fca02ce596-35521215-0b0afab1 [none]
[debug] [2026-05-04T11:56:51.759Z] <<< [apiv2][status] GET https://cloudfunctions.googleapis.com/v2/projects/yushef-b3534/locations/us-central1/operations/operation-1777895809541-650fca02ce596-35521215-0b0afab1 200
[debug] [2026-05-04T11:56:51.759Z] <<< [apiv2][body] GET https://cloudfunctions.googleapis.com/v2/projects/yushef-b3534/locations/us-central1/operations/operation-1777895809541-650fca02ce596-35521215-0b0afab1 {"name":"projects/yushef-b3534/locations/us-central1/operations/operation-1777895809541-650fca02ce596-35521215-0b0afab1","metadata":{"@type":"type.googleapis.com/google.cloud.functions.v2.OperationMetadata","createTime":"2026-05-04T11:56:50.976706495Z","target":"projects/yushef-b3534/locations/us-central1/functions/sendNudgeNotification","verb":"update","cancelRequested":false,"apiVersion":"v2","requestResource":{"@type":"type.googleapis.com/google.cloud.functions.v2.Function","name":"projects/yushef-b3534/locations/us-central1/functions/sendNudgeNotification","buildConfig":{"runtime":"nodejs24","entryPoint":"sendNudgeNotification","source":{"storageSource":{"bucket":"gcf-v2-sources-891752164449-us-central1","object":"sendNudgeNotification/function-source.zip","generation":"1777895810930325"}},"environmentVariables":{"GOOGLE_NODE_RUN_SCRIPTS":""},"dockerRepository":"projects/yushef-b3534/locations/us-central1/repositories/gcf-artifacts","sourceProvenance":{"resolvedStorageSource":{"bucket":"gcf-v2-sources-891752164449-us-central1","object":"sendNudgeNotification/function-source.zip","generation":"1777894594650210"}},"dockerRegistry":"ARTIFACT_REGISTRY","serviceAccount":"projects/yushef-b3534/serviceAccounts/891752164449-compute@developer.gserviceaccount.com","automaticUpdatePolicy":{}},"serviceConfig":{"service":"projects/yushef-b3534/locations/us-central1/services/sendnudgenotification","timeoutSeconds":60,"environmentVariables":{"FIREBASE_CONFIG":"{\"projectId\":\"yushef-b3534\",\"storageBucket\":\"yushef-b3534.firebasestorage.app\"}","GCLOUD_PROJECT":"yushef-b3534","EVENTARC_CLOUD_EVENT_SOURCE":"projects/yushef-b3534/locations/us-central1/services/sendNudgeNotification","FUNCTION_SIGNATURE_TYPE":"cloudevent","FUNCTION_TARGET":"sendNudgeNotification","LOG_EXECUTION_ID":"true"},"maxInstanceCount":10,"ingressSettings":"ALLOW_ALL","uri":"https://sendnudgenotification-xuavpmukqq-uc.a.run.app","serviceAccountEmail":"891752164449-compute@developer.gserviceaccount.com","availableMemory":"256Mi","allTrafficOnLatestRevision":true,"revision":"sendnudgenotification-00001-noy","maxInstanceRequestConcurrency":80,"availableCpu":"1"},"eventTrigger":{"trigger":"projects/yushef-b3534/locations/eur3/triggers/sendnudgenotification-800920","triggerRegion":"eur3","eventType":"google.cloud.firestore.document.v1.created","eventFilters":[{"attribute":"database","value":"(default)"},{"attribute":"namespace","value":"(default)"},{"attribute":"document","value":"couples/{coupleId}/nudges/{nudgeId}","operator":"match-path-pattern"}],"pubsubTopic":"projects/yushef-b3534/topics/eventarc-eur3-sendnudgenotification-800920-465","serviceAccountEmail":"891752164449-compute@developer.gserviceaccount.com","retryPolicy":"RETRY_POLICY_DO_NOT_RETRY"},"state":"ACTIVE","labels":{"deployment-tool":"cli-firebase","firebase-functions-hash":"16d181cd28e3a71479c04c2352d7e216d8aa7fae"},"environment":"GEN_2","url":"https://us-central1-yushef-b3534.cloudfunctions.net/sendNudgeNotification","satisfiesPzi":true},"stages":[{"name":"BUILD","message":"Creating build","state":"IN_PROGRESS","resource":"projects/891752164449/locations/us-central1/builds/2ddbd4b0-3b46-43fd-b01c-a906fabf51d9","resourceUri":"https://console.cloud.google.com/cloud-build/builds;region=us-central1/2ddbd4b0-3b46-43fd-b01c-a906fabf51d9?project=891752164449"},{"name":"SERVICE","state":"NOT_STARTED"},{"name":"TRIGGER","state":"NOT_STARTED"}],"operationType":"UPDATE_FUNCTION","buildName":"projects/891752164449/locations/us-central1/builds/2ddbd4b0-3b46-43fd-b01c-a906fabf51d9"},"done":false}
[debug] [2026-05-04T11:56:52.261Z] [update-default-us-central1-sendNudgeNotification] Retrying task index 0
[debug] [2026-05-04T11:56:52.262Z] Checked if tokens are valid: true, expires at: 1777899390020
[debug] [2026-05-04T11:56:52.262Z] Checked if tokens are valid: true, expires at: 1777899390020
[debug] [2026-05-04T11:56:52.262Z] >>> [apiv2][query] GET https://cloudfunctions.googleapis.com/v2/projects/yushef-b3534/locations/us-central1/operations/operation-1777895809541-650fca02ce596-35521215-0b0afab1 [none]
[debug] [2026-05-04T11:56:53.002Z] <<< [apiv2][status] GET https://cloudfunctions.googleapis.com/v2/projects/yushef-b3534/locations/us-central1/operations/operation-1777895809541-650fca02ce596-35521215-0b0afab1 200
[debug] [2026-05-04T11:56:53.003Z] <<< [apiv2][body] GET https://cloudfunctions.googleapis.com/v2/projects/yushef-b3534/locations/us-central1/operations/operation-1777895809541-650fca02ce596-35521215-0b0afab1 {"name":"projects/yushef-b3534/locations/us-central1/operations/operation-1777895809541-650fca02ce596-35521215-0b0afab1","metadata":{"@type":"type.googleapis.com/google.cloud.functions.v2.OperationMetadata","createTime":"2026-05-04T11:56:50.976706495Z","target":"projects/yushef-b3534/locations/us-central1/functions/sendNudgeNotification","verb":"update","cancelRequested":false,"apiVersion":"v2","requestResource":{"@type":"type.googleapis.com/google.cloud.functions.v2.Function","name":"projects/yushef-b3534/locations/us-central1/functions/sendNudgeNotification","buildConfig":{"runtime":"nodejs24","entryPoint":"sendNudgeNotification","source":{"storageSource":{"bucket":"gcf-v2-sources-891752164449-us-central1","object":"sendNudgeNotification/function-source.zip","generation":"1777895810930325"}},"environmentVariables":{"GOOGLE_NODE_RUN_SCRIPTS":""},"dockerRepository":"projects/yushef-b3534/locations/us-central1/repositories/gcf-artifacts","sourceProvenance":{"resolvedStorageSource":{"bucket":"gcf-v2-sources-891752164449-us-central1","object":"sendNudgeNotification/function-source.zip","generation":"1777894594650210"}},"dockerRegistry":"ARTIFACT_REGISTRY","serviceAccount":"projects/yushef-b3534/serviceAccounts/891752164449-compute@developer.gserviceaccount.com","automaticUpdatePolicy":{}},"serviceConfig":{"service":"projects/yushef-b3534/locations/us-central1/services/sendnudgenotification","timeoutSeconds":60,"environmentVariables":{"FIREBASE_CONFIG":"{\"projectId\":\"yushef-b3534\",\"storageBucket\":\"yushef-b3534.firebasestorage.app\"}","GCLOUD_PROJECT":"yushef-b3534","EVENTARC_CLOUD_EVENT_SOURCE":"projects/yushef-b3534/locations/us-central1/services/sendNudgeNotification","FUNCTION_SIGNATURE_TYPE":"cloudevent","FUNCTION_TARGET":"sendNudgeNotification","LOG_EXECUTION_ID":"true"},"maxInstanceCount":10,"ingressSettings":"ALLOW_ALL","uri":"https://sendnudgenotification-xuavpmukqq-uc.a.run.app","serviceAccountEmail":"891752164449-compute@developer.gserviceaccount.com","availableMemory":"256Mi","allTrafficOnLatestRevision":true,"revision":"sendnudgenotification-00001-noy","maxInstanceRequestConcurrency":80,"availableCpu":"1"},"eventTrigger":{"trigger":"projects/yushef-b3534/locations/eur3/triggers/sendnudgenotification-800920","triggerRegion":"eur3","eventType":"google.cloud.firestore.document.v1.created","eventFilters":[{"attribute":"database","value":"(default)"},{"attribute":"namespace","value":"(default)"},{"attribute":"document","value":"couples/{coupleId}/nudges/{nudgeId}","operator":"match-path-pattern"}],"pubsubTopic":"projects/yushef-b3534/topics/eventarc-eur3-sendnudgenotification-800920-465","serviceAccountEmail":"891752164449-compute@developer.gserviceaccount.com","retryPolicy":"RETRY_POLICY_DO_NOT_RETRY"},"state":"ACTIVE","labels":{"deployment-tool":"cli-firebase","firebase-functions-hash":"16d181cd28e3a71479c04c2352d7e216d8aa7fae"},"environment":"GEN_2","url":"https://us-central1-yushef-b3534.cloudfunctions.net/sendNudgeNotification","satisfiesPzi":true},"stages":[{"name":"BUILD","message":"Build in progress","state":"IN_PROGRESS","resource":"projects/891752164449/locations/us-central1/builds/2ddbd4b0-3b46-43fd-b01c-a906fabf51d9","resourceUri":"https://console.cloud.google.com/cloud-build/builds;region=us-central1/2ddbd4b0-3b46-43fd-b01c-a906fabf51d9?project=891752164449"},{"name":"SERVICE","state":"NOT_STARTED"},{"name":"TRIGGER","state":"NOT_STARTED"}],"operationType":"UPDATE_FUNCTION","buildName":"projects/891752164449/locations/us-central1/builds/2ddbd4b0-3b46-43fd-b01c-a906fabf51d9"},"done":false}
[debug] [2026-05-04T11:56:54.004Z] [update-default-us-central1-sendNudgeNotification] Retrying task index 0
[debug] [2026-05-04T11:56:54.004Z] Checked if tokens are valid: true, expires at: 1777899390020
[debug] [2026-05-04T11:56:54.004Z] Checked if tokens are valid: true, expires at: 1777899390020
[debug] [2026-05-04T11:56:54.004Z] >>> [apiv2][query] GET https://cloudfunctions.googleapis.com/v2/projects/yushef-b3534/locations/us-central1/operations/operation-1777895809541-650fca02ce596-35521215-0b0afab1 [none]
[debug] [2026-05-04T11:56:54.843Z] <<< [apiv2][status] GET https://cloudfunctions.googleapis.com/v2/projects/yushef-b3534/locations/us-central1/operations/operation-1777895809541-650fca02ce596-35521215-0b0afab1 200
[debug] [2026-05-04T11:56:54.843Z] <<< [apiv2][body] GET https://cloudfunctions.googleapis.com/v2/projects/yushef-b3534/locations/us-central1/operations/operation-1777895809541-650fca02ce596-35521215-0b0afab1 {"name":"projects/yushef-b3534/locations/us-central1/operations/operation-1777895809541-650fca02ce596-35521215-0b0afab1","metadata":{"@type":"type.googleapis.com/google.cloud.functions.v2.OperationMetadata","createTime":"2026-05-04T11:56:50.976706495Z","target":"projects/yushef-b3534/locations/us-central1/functions/sendNudgeNotification","verb":"update","cancelRequested":false,"apiVersion":"v2","requestResource":{"@type":"type.googleapis.com/google.cloud.functions.v2.Function","name":"projects/yushef-b3534/locations/us-central1/functions/sendNudgeNotification","buildConfig":{"runtime":"nodejs24","entryPoint":"sendNudgeNotification","source":{"storageSource":{"bucket":"gcf-v2-sources-891752164449-us-central1","object":"sendNudgeNotification/function-source.zip","generation":"1777895810930325"}},"environmentVariables":{"GOOGLE_NODE_RUN_SCRIPTS":""},"dockerRepository":"projects/yushef-b3534/locations/us-central1/repositories/gcf-artifacts","sourceProvenance":{"resolvedStorageSource":{"bucket":"gcf-v2-sources-891752164449-us-central1","object":"sendNudgeNotification/function-source.zip","generation":"1777894594650210"}},"dockerRegistry":"ARTIFACT_REGISTRY","serviceAccount":"projects/yushef-b3534/serviceAccounts/891752164449-compute@developer.gserviceaccount.com","automaticUpdatePolicy":{}},"serviceConfig":{"service":"projects/yushef-b3534/locations/us-central1/services/sendnudgenotification","timeoutSeconds":60,"environmentVariables":{"FIREBASE_CONFIG":"{\"projectId\":\"yushef-b3534\",\"storageBucket\":\"yushef-b3534.firebasestorage.app\"}","GCLOUD_PROJECT":"yushef-b3534","EVENTARC_CLOUD_EVENT_SOURCE":"projects/yushef-b3534/locations/us-central1/services/sendNudgeNotification","FUNCTION_SIGNATURE_TYPE":"cloudevent","FUNCTION_TARGET":"sendNudgeNotification","LOG_EXECUTION_ID":"true"},"maxInstanceCount":10,"ingressSettings":"ALLOW_ALL","uri":"https://sendnudgenotification-xuavpmukqq-uc.a.run.app","serviceAccountEmail":"891752164449-compute@developer.gserviceaccount.com","availableMemory":"256Mi","allTrafficOnLatestRevision":true,"revision":"sendnudgenotification-00001-noy","maxInstanceRequestConcurrency":80,"availableCpu":"1"},"eventTrigger":{"trigger":"projects/yushef-b3534/locations/eur3/triggers/sendnudgenotification-800920","triggerRegion":"eur3","eventType":"google.cloud.firestore.document.v1.created","eventFilters":[{"attribute":"database","value":"(default)"},{"attribute":"namespace","value":"(default)"},{"attribute":"document","value":"couples/{coupleId}/nudges/{nudgeId}","operator":"match-path-pattern"}],"pubsubTopic":"projects/yushef-b3534/topics/eventarc-eur3-sendnudgenotification-800920-465","serviceAccountEmail":"891752164449-compute@developer.gserviceaccount.com","retryPolicy":"RETRY_POLICY_DO_NOT_RETRY"},"state":"ACTIVE","labels":{"deployment-tool":"cli-firebase","firebase-functions-hash":"16d181cd28e3a71479c04c2352d7e216d8aa7fae"},"environment":"GEN_2","url":"https://us-central1-yushef-b3534.cloudfunctions.net/sendNudgeNotification","satisfiesPzi":true},"stages":[{"name":"BUILD","message":"Build in progress","state":"IN_PROGRESS","resource":"projects/891752164449/locations/us-central1/builds/2ddbd4b0-3b46-43fd-b01c-a906fabf51d9","resourceUri":"https://console.cloud.google.com/cloud-build/builds;region=us-central1/2ddbd4b0-3b46-43fd-b01c-a906fabf51d9?project=891752164449"},{"name":"SERVICE","state":"NOT_STARTED"},{"name":"TRIGGER","state":"NOT_STARTED"}],"operationType":"UPDATE_FUNCTION","buildName":"projects/891752164449/locations/us-central1/builds/2ddbd4b0-3b46-43fd-b01c-a906fabf51d9"},"done":false}
[debug] [2026-05-04T11:56:56.846Z] [update-default-us-central1-sendNudgeNotification] Retrying task index 0
[debug] [2026-05-04T11:56:56.847Z] Checked if tokens are valid: true, expires at: 1777899390020
[debug] [2026-05-04T11:56:56.847Z] Checked if tokens are valid: true, expires at: 1777899390020
[debug] [2026-05-04T11:56:56.847Z] >>> [apiv2][query] GET https://cloudfunctions.googleapis.com/v2/projects/yushef-b3534/locations/us-central1/operations/operation-1777895809541-650fca02ce596-35521215-0b0afab1 [none]
[debug] [2026-05-04T11:56:57.605Z] <<< [apiv2][status] GET https://cloudfunctions.googleapis.com/v2/projects/yushef-b3534/locations/us-central1/operations/operation-1777895809541-650fca02ce596-35521215-0b0afab1 200
[debug] [2026-05-04T11:56:57.605Z] <<< [apiv2][body] GET https://cloudfunctions.googleapis.com/v2/projects/yushef-b3534/locations/us-central1/operations/operation-1777895809541-650fca02ce596-35521215-0b0afab1 {"name":"projects/yushef-b3534/locations/us-central1/operations/operation-1777895809541-650fca02ce596-35521215-0b0afab1","metadata":{"@type":"type.googleapis.com/google.cloud.functions.v2.OperationMetadata","createTime":"2026-05-04T11:56:50.976706495Z","target":"projects/yushef-b3534/locations/us-central1/functions/sendNudgeNotification","verb":"update","cancelRequested":false,"apiVersion":"v2","requestResource":{"@type":"type.googleapis.com/google.cloud.functions.v2.Function","name":"projects/yushef-b3534/locations/us-central1/functions/sendNudgeNotification","buildConfig":{"runtime":"nodejs24","entryPoint":"sendNudgeNotification","source":{"storageSource":{"bucket":"gcf-v2-sources-891752164449-us-central1","object":"sendNudgeNotification/function-source.zip","generation":"1777895810930325"}},"environmentVariables":{"GOOGLE_NODE_RUN_SCRIPTS":""},"dockerRepository":"projects/yushef-b3534/locations/us-central1/repositories/gcf-artifacts","sourceProvenance":{"resolvedStorageSource":{"bucket":"gcf-v2-sources-891752164449-us-central1","object":"sendNudgeNotification/function-source.zip","generation":"1777894594650210"}},"dockerRegistry":"ARTIFACT_REGISTRY","serviceAccount":"projects/yushef-b3534/serviceAccounts/891752164449-compute@developer.gserviceaccount.com","automaticUpdatePolicy":{}},"serviceConfig":{"service":"projects/yushef-b3534/locations/us-central1/services/sendnudgenotification","timeoutSeconds":60,"environmentVariables":{"FIREBASE_CONFIG":"{\"projectId\":\"yushef-b3534\",\"storageBucket\":\"yushef-b3534.firebasestorage.app\"}","GCLOUD_PROJECT":"yushef-b3534","EVENTARC_CLOUD_EVENT_SOURCE":"projects/yushef-b3534/locations/us-central1/services/sendNudgeNotification","FUNCTION_SIGNATURE_TYPE":"cloudevent","FUNCTION_TARGET":"sendNudgeNotification","LOG_EXECUTION_ID":"true"},"maxInstanceCount":10,"ingressSettings":"ALLOW_ALL","uri":"https://sendnudgenotification-xuavpmukqq-uc.a.run.app","serviceAccountEmail":"891752164449-compute@developer.gserviceaccount.com","availableMemory":"256Mi","allTrafficOnLatestRevision":true,"revision":"sendnudgenotification-00001-noy","maxInstanceRequestConcurrency":80,"availableCpu":"1"},"eventTrigger":{"trigger":"projects/yushef-b3534/locations/eur3/triggers/sendnudgenotification-800920","triggerRegion":"eur3","eventType":"google.cloud.firestore.document.v1.created","eventFilters":[{"attribute":"database","value":"(default)"},{"attribute":"namespace","value":"(default)"},{"attribute":"document","value":"couples/{coupleId}/nudges/{nudgeId}","operator":"match-path-pattern"}],"pubsubTopic":"projects/yushef-b3534/topics/eventarc-eur3-sendnudgenotification-800920-465","serviceAccountEmail":"891752164449-compute@developer.gserviceaccount.com","retryPolicy":"RETRY_POLICY_DO_NOT_RETRY"},"state":"ACTIVE","labels":{"deployment-tool":"cli-firebase","firebase-functions-hash":"16d181cd28e3a71479c04c2352d7e216d8aa7fae"},"environment":"GEN_2","url":"https://us-central1-yushef-b3534.cloudfunctions.net/sendNudgeNotification","satisfiesPzi":true},"stages":[{"name":"BUILD","message":"Build in progress","state":"IN_PROGRESS","resource":"projects/891752164449/locations/us-central1/builds/2ddbd4b0-3b46-43fd-b01c-a906fabf51d9","resourceUri":"https://console.cloud.google.com/cloud-build/builds;region=us-central1/2ddbd4b0-3b46-43fd-b01c-a906fabf51d9?project=891752164449"},{"name":"SERVICE","state":"NOT_STARTED"},{"name":"TRIGGER","state":"NOT_STARTED"}],"operationType":"UPDATE_FUNCTION","buildName":"projects/891752164449/locations/us-central1/builds/2ddbd4b0-3b46-43fd-b01c-a906fabf51d9"},"done":false}
[debug] [2026-05-04T11:57:01.606Z] [update-default-us-central1-sendNudgeNotification] Retrying task index 0
[debug] [2026-05-04T11:57:01.607Z] Checked if tokens are valid: true, expires at: 1777899390020
[debug] [2026-05-04T11:57:01.607Z] Checked if tokens are valid: true, expires at: 1777899390020
[debug] [2026-05-04T11:57:01.607Z] >>> [apiv2][query] GET https://cloudfunctions.googleapis.com/v2/projects/yushef-b3534/locations/us-central1/operations/operation-1777895809541-650fca02ce596-35521215-0b0afab1 [none]
[debug] [2026-05-04T11:57:02.419Z] <<< [apiv2][status] GET https://cloudfunctions.googleapis.com/v2/projects/yushef-b3534/locations/us-central1/operations/operation-1777895809541-650fca02ce596-35521215-0b0afab1 200
[debug] [2026-05-04T11:57:02.419Z] <<< [apiv2][body] GET https://cloudfunctions.googleapis.com/v2/projects/yushef-b3534/locations/us-central1/operations/operation-1777895809541-650fca02ce596-35521215-0b0afab1 {"name":"projects/yushef-b3534/locations/us-central1/operations/operation-1777895809541-650fca02ce596-35521215-0b0afab1","metadata":{"@type":"type.googleapis.com/google.cloud.functions.v2.OperationMetadata","createTime":"2026-05-04T11:56:50.976706495Z","target":"projects/yushef-b3534/locations/us-central1/functions/sendNudgeNotification","verb":"update","cancelRequested":false,"apiVersion":"v2","requestResource":{"@type":"type.googleapis.com/google.cloud.functions.v2.Function","name":"projects/yushef-b3534/locations/us-central1/functions/sendNudgeNotification","buildConfig":{"runtime":"nodejs24","entryPoint":"sendNudgeNotification","source":{"storageSource":{"bucket":"gcf-v2-sources-891752164449-us-central1","object":"sendNudgeNotification/function-source.zip","generation":"1777895810930325"}},"environmentVariables":{"GOOGLE_NODE_RUN_SCRIPTS":""},"dockerRepository":"projects/yushef-b3534/locations/us-central1/repositories/gcf-artifacts","sourceProvenance":{"resolvedStorageSource":{"bucket":"gcf-v2-sources-891752164449-us-central1","object":"sendNudgeNotification/function-source.zip","generation":"1777894594650210"}},"dockerRegistry":"ARTIFACT_REGISTRY","serviceAccount":"projects/yushef-b3534/serviceAccounts/891752164449-compute@developer.gserviceaccount.com","automaticUpdatePolicy":{}},"serviceConfig":{"service":"projects/yushef-b3534/locations/us-central1/services/sendnudgenotification","timeoutSeconds":60,"environmentVariables":{"FIREBASE_CONFIG":"{\"projectId\":\"yushef-b3534\",\"storageBucket\":\"yushef-b3534.firebasestorage.app\"}","GCLOUD_PROJECT":"yushef-b3534","EVENTARC_CLOUD_EVENT_SOURCE":"projects/yushef-b3534/locations/us-central1/services/sendNudgeNotification","FUNCTION_SIGNATURE_TYPE":"cloudevent","FUNCTION_TARGET":"sendNudgeNotification","LOG_EXECUTION_ID":"true"},"maxInstanceCount":10,"ingressSettings":"ALLOW_ALL","uri":"https://sendnudgenotification-xuavpmukqq-uc.a.run.app","serviceAccountEmail":"891752164449-compute@developer.gserviceaccount.com","availableMemory":"256Mi","allTrafficOnLatestRevision":true,"revision":"sendnudgenotification-00001-noy","maxInstanceRequestConcurrency":80,"availableCpu":"1"},"eventTrigger":{"trigger":"projects/yushef-b3534/locations/eur3/triggers/sendnudgenotification-800920","triggerRegion":"eur3","eventType":"google.cloud.firestore.document.v1.created","eventFilters":[{"attribute":"database","value":"(default)"},{"attribute":"namespace","value":"(default)"},{"attribute":"document","value":"couples/{coupleId}/nudges/{nudgeId}","operator":"match-path-pattern"}],"pubsubTopic":"projects/yushef-b3534/topics/eventarc-eur3-sendnudgenotification-800920-465","serviceAccountEmail":"891752164449-compute@developer.gserviceaccount.com","retryPolicy":"RETRY_POLICY_DO_NOT_RETRY"},"state":"ACTIVE","labels":{"deployment-tool":"cli-firebase","firebase-functions-hash":"16d181cd28e3a71479c04c2352d7e216d8aa7fae"},"environment":"GEN_2","url":"https://us-central1-yushef-b3534.cloudfunctions.net/sendNudgeNotification","satisfiesPzi":true},"stages":[{"name":"BUILD","message":"Build in progress","state":"IN_PROGRESS","resource":"projects/891752164449/locations/us-central1/builds/2ddbd4b0-3b46-43fd-b01c-a906fabf51d9","resourceUri":"https://console.cloud.google.com/cloud-build/builds;region=us-central1/2ddbd4b0-3b46-43fd-b01c-a906fabf51d9?project=891752164449"},{"name":"SERVICE","state":"NOT_STARTED"},{"name":"TRIGGER","state":"NOT_STARTED"}],"operationType":"UPDATE_FUNCTION","buildName":"projects/891752164449/locations/us-central1/builds/2ddbd4b0-3b46-43fd-b01c-a906fabf51d9"},"done":false}
[debug] [2026-05-04T11:57:10.421Z] [update-default-us-central1-sendNudgeNotification] Retrying task index 0
[debug] [2026-05-04T11:57:10.423Z] Checked if tokens are valid: true, expires at: 1777899390020
[debug] [2026-05-04T11:57:10.423Z] Checked if tokens are valid: true, expires at: 1777899390020
[debug] [2026-05-04T11:57:10.423Z] >>> [apiv2][query] GET https://cloudfunctions.googleapis.com/v2/projects/yushef-b3534/locations/us-central1/operations/operation-1777895809541-650fca02ce596-35521215-0b0afab1 [none]
[debug] [2026-05-04T11:57:11.332Z] <<< [apiv2][status] GET https://cloudfunctions.googleapis.com/v2/projects/yushef-b3534/locations/us-central1/operations/operation-1777895809541-650fca02ce596-35521215-0b0afab1 200
[debug] [2026-05-04T11:57:11.333Z] <<< [apiv2][body] GET https://cloudfunctions.googleapis.com/v2/projects/yushef-b3534/locations/us-central1/operations/operation-1777895809541-650fca02ce596-35521215-0b0afab1 {"name":"projects/yushef-b3534/locations/us-central1/operations/operation-1777895809541-650fca02ce596-35521215-0b0afab1","metadata":{"@type":"type.googleapis.com/google.cloud.functions.v2.OperationMetadata","createTime":"2026-05-04T11:56:50.976706495Z","target":"projects/yushef-b3534/locations/us-central1/functions/sendNudgeNotification","verb":"update","cancelRequested":false,"apiVersion":"v2","requestResource":{"@type":"type.googleapis.com/google.cloud.functions.v2.Function","name":"projects/yushef-b3534/locations/us-central1/functions/sendNudgeNotification","buildConfig":{"runtime":"nodejs24","entryPoint":"sendNudgeNotification","source":{"storageSource":{"bucket":"gcf-v2-sources-891752164449-us-central1","object":"sendNudgeNotification/function-source.zip","generation":"1777895810930325"}},"environmentVariables":{"GOOGLE_NODE_RUN_SCRIPTS":""},"dockerRepository":"projects/yushef-b3534/locations/us-central1/repositories/gcf-artifacts","sourceProvenance":{"resolvedStorageSource":{"bucket":"gcf-v2-sources-891752164449-us-central1","object":"sendNudgeNotification/function-source.zip","generation":"1777894594650210"}},"dockerRegistry":"ARTIFACT_REGISTRY","serviceAccount":"projects/yushef-b3534/serviceAccounts/891752164449-compute@developer.gserviceaccount.com","automaticUpdatePolicy":{}},"serviceConfig":{"service":"projects/yushef-b3534/locations/us-central1/services/sendnudgenotification","timeoutSeconds":60,"environmentVariables":{"FIREBASE_CONFIG":"{\"projectId\":\"yushef-b3534\",\"storageBucket\":\"yushef-b3534.firebasestorage.app\"}","GCLOUD_PROJECT":"yushef-b3534","EVENTARC_CLOUD_EVENT_SOURCE":"projects/yushef-b3534/locations/us-central1/services/sendNudgeNotification","FUNCTION_SIGNATURE_TYPE":"cloudevent","FUNCTION_TARGET":"sendNudgeNotification","LOG_EXECUTION_ID":"true"},"maxInstanceCount":10,"ingressSettings":"ALLOW_ALL","uri":"https://sendnudgenotification-xuavpmukqq-uc.a.run.app","serviceAccountEmail":"891752164449-compute@developer.gserviceaccount.com","availableMemory":"256Mi","allTrafficOnLatestRevision":true,"revision":"sendnudgenotification-00001-noy","maxInstanceRequestConcurrency":80,"availableCpu":"1"},"eventTrigger":{"trigger":"projects/yushef-b3534/locations/eur3/triggers/sendnudgenotification-800920","triggerRegion":"eur3","eventType":"google.cloud.firestore.document.v1.created","eventFilters":[{"attribute":"database","value":"(default)"},{"attribute":"namespace","value":"(default)"},{"attribute":"document","value":"couples/{coupleId}/nudges/{nudgeId}","operator":"match-path-pattern"}],"pubsubTopic":"projects/yushef-b3534/topics/eventarc-eur3-sendnudgenotification-800920-465","serviceAccountEmail":"891752164449-compute@developer.gserviceaccount.com","retryPolicy":"RETRY_POLICY_DO_NOT_RETRY"},"state":"ACTIVE","labels":{"deployment-tool":"cli-firebase","firebase-functions-hash":"16d181cd28e3a71479c04c2352d7e216d8aa7fae"},"environment":"GEN_2","url":"https://us-central1-yushef-b3534.cloudfunctions.net/sendNudgeNotification","satisfiesPzi":true},"stages":[{"name":"BUILD","message":"Build in progress","state":"IN_PROGRESS","resource":"projects/891752164449/locations/us-central1/builds/2ddbd4b0-3b46-43fd-b01c-a906fabf51d9","resourceUri":"https://console.cloud.google.com/cloud-build/builds;region=us-central1/2ddbd4b0-3b46-43fd-b01c-a906fabf51d9?project=891752164449"},{"name":"SERVICE","state":"NOT_STARTED"},{"name":"TRIGGER","state":"NOT_STARTED"}],"operationType":"UPDATE_FUNCTION","buildName":"projects/891752164449/locations/us-central1/builds/2ddbd4b0-3b46-43fd-b01c-a906fabf51d9"},"done":false}
[debug] [2026-05-04T11:57:21.334Z] [update-default-us-central1-sendNudgeNotification] Retrying task index 0
[debug] [2026-05-04T11:57:21.334Z] Checked if tokens are valid: true, expires at: 1777899390020
[debug] [2026-05-04T11:57:21.334Z] Checked if tokens are valid: true, expires at: 1777899390020
[debug] [2026-05-04T11:57:21.334Z] >>> [apiv2][query] GET https://cloudfunctions.googleapis.com/v2/projects/yushef-b3534/locations/us-central1/operations/operation-1777895809541-650fca02ce596-35521215-0b0afab1 [none]
[debug] [2026-05-04T11:57:22.291Z] <<< [apiv2][status] GET https://cloudfunctions.googleapis.com/v2/projects/yushef-b3534/locations/us-central1/operations/operation-1777895809541-650fca02ce596-35521215-0b0afab1 200
[debug] [2026-05-04T11:57:22.291Z] <<< [apiv2][body] GET https://cloudfunctions.googleapis.com/v2/projects/yushef-b3534/locations/us-central1/operations/operation-1777895809541-650fca02ce596-35521215-0b0afab1 {"name":"projects/yushef-b3534/locations/us-central1/operations/operation-1777895809541-650fca02ce596-35521215-0b0afab1","metadata":{"@type":"type.googleapis.com/google.cloud.functions.v2.OperationMetadata","createTime":"2026-05-04T11:56:50.976706495Z","target":"projects/yushef-b3534/locations/us-central1/functions/sendNudgeNotification","verb":"update","cancelRequested":false,"apiVersion":"v2","requestResource":{"@type":"type.googleapis.com/google.cloud.functions.v2.Function","name":"projects/yushef-b3534/locations/us-central1/functions/sendNudgeNotification","buildConfig":{"runtime":"nodejs24","entryPoint":"sendNudgeNotification","source":{"storageSource":{"bucket":"gcf-v2-sources-891752164449-us-central1","object":"sendNudgeNotification/function-source.zip","generation":"1777895810930325"}},"environmentVariables":{"GOOGLE_NODE_RUN_SCRIPTS":""},"dockerRepository":"projects/yushef-b3534/locations/us-central1/repositories/gcf-artifacts","sourceProvenance":{"resolvedStorageSource":{"bucket":"gcf-v2-sources-891752164449-us-central1","object":"sendNudgeNotification/function-source.zip","generation":"1777894594650210"}},"dockerRegistry":"ARTIFACT_REGISTRY","serviceAccount":"projects/yushef-b3534/serviceAccounts/891752164449-compute@developer.gserviceaccount.com","automaticUpdatePolicy":{}},"serviceConfig":{"service":"projects/yushef-b3534/locations/us-central1/services/sendnudgenotification","timeoutSeconds":60,"environmentVariables":{"FIREBASE_CONFIG":"{\"projectId\":\"yushef-b3534\",\"storageBucket\":\"yushef-b3534.firebasestorage.app\"}","GCLOUD_PROJECT":"yushef-b3534","EVENTARC_CLOUD_EVENT_SOURCE":"projects/yushef-b3534/locations/us-central1/services/sendNudgeNotification","FUNCTION_SIGNATURE_TYPE":"cloudevent","FUNCTION_TARGET":"sendNudgeNotification","LOG_EXECUTION_ID":"true"},"maxInstanceCount":10,"ingressSettings":"ALLOW_ALL","uri":"https://sendnudgenotification-xuavpmukqq-uc.a.run.app","serviceAccountEmail":"891752164449-compute@developer.gserviceaccount.com","availableMemory":"256Mi","allTrafficOnLatestRevision":true,"revision":"sendnudgenotification-00001-noy","maxInstanceRequestConcurrency":80,"availableCpu":"1"},"eventTrigger":{"trigger":"projects/yushef-b3534/locations/eur3/triggers/sendnudgenotification-800920","triggerRegion":"eur3","eventType":"google.cloud.firestore.document.v1.created","eventFilters":[{"attribute":"database","value":"(default)"},{"attribute":"namespace","value":"(default)"},{"attribute":"document","value":"couples/{coupleId}/nudges/{nudgeId}","operator":"match-path-pattern"}],"pubsubTopic":"projects/yushef-b3534/topics/eventarc-eur3-sendnudgenotification-800920-465","serviceAccountEmail":"891752164449-compute@developer.gserviceaccount.com","retryPolicy":"RETRY_POLICY_DO_NOT_RETRY"},"state":"ACTIVE","labels":{"deployment-tool":"cli-firebase","firebase-functions-hash":"16d181cd28e3a71479c04c2352d7e216d8aa7fae"},"environment":"GEN_2","url":"https://us-central1-yushef-b3534.cloudfunctions.net/sendNudgeNotification","satisfiesPzi":true},"stages":[{"name":"BUILD","message":"Build in progress","state":"IN_PROGRESS","resource":"projects/891752164449/locations/us-central1/builds/2ddbd4b0-3b46-43fd-b01c-a906fabf51d9","resourceUri":"https://console.cloud.google.com/cloud-build/builds;region=us-central1/2ddbd4b0-3b46-43fd-b01c-a906fabf51d9?project=891752164449"},{"name":"SERVICE","state":"NOT_STARTED"},{"name":"TRIGGER","state":"NOT_STARTED"}],"operationType":"UPDATE_FUNCTION","buildName":"projects/891752164449/locations/us-central1/builds/2ddbd4b0-3b46-43fd-b01c-a906fabf51d9"},"done":false}
[debug] [2026-05-04T11:57:32.294Z] [update-default-us-central1-sendNudgeNotification] Retrying task index 0
[debug] [2026-05-04T11:57:32.298Z] Checked if tokens are valid: true, expires at: 1777899390020
[debug] [2026-05-04T11:57:32.299Z] Checked if tokens are valid: true, expires at: 1777899390020
[debug] [2026-05-04T11:57:32.299Z] >>> [apiv2][query] GET https://cloudfunctions.googleapis.com/v2/projects/yushef-b3534/locations/us-central1/operations/operation-1777895809541-650fca02ce596-35521215-0b0afab1 [none]
[debug] [2026-05-04T11:57:33.185Z] <<< [apiv2][status] GET https://cloudfunctions.googleapis.com/v2/projects/yushef-b3534/locations/us-central1/operations/operation-1777895809541-650fca02ce596-35521215-0b0afab1 200
[debug] [2026-05-04T11:57:33.186Z] <<< [apiv2][body] GET https://cloudfunctions.googleapis.com/v2/projects/yushef-b3534/locations/us-central1/operations/operation-1777895809541-650fca02ce596-35521215-0b0afab1 {"name":"projects/yushef-b3534/locations/us-central1/operations/operation-1777895809541-650fca02ce596-35521215-0b0afab1","metadata":{"@type":"type.googleapis.com/google.cloud.functions.v2.OperationMetadata","createTime":"2026-05-04T11:56:50.976706495Z","target":"projects/yushef-b3534/locations/us-central1/functions/sendNudgeNotification","verb":"update","cancelRequested":false,"apiVersion":"v2","requestResource":{"@type":"type.googleapis.com/google.cloud.functions.v2.Function","name":"projects/yushef-b3534/locations/us-central1/functions/sendNudgeNotification","buildConfig":{"runtime":"nodejs24","entryPoint":"sendNudgeNotification","source":{"storageSource":{"bucket":"gcf-v2-sources-891752164449-us-central1","object":"sendNudgeNotification/function-source.zip","generation":"1777895810930325"}},"environmentVariables":{"GOOGLE_NODE_RUN_SCRIPTS":""},"dockerRepository":"projects/yushef-b3534/locations/us-central1/repositories/gcf-artifacts","sourceProvenance":{"resolvedStorageSource":{"bucket":"gcf-v2-sources-891752164449-us-central1","object":"sendNudgeNotification/function-source.zip","generation":"1777894594650210"}},"dockerRegistry":"ARTIFACT_REGISTRY","serviceAccount":"projects/yushef-b3534/serviceAccounts/891752164449-compute@developer.gserviceaccount.com","automaticUpdatePolicy":{}},"serviceConfig":{"service":"projects/yushef-b3534/locations/us-central1/services/sendnudgenotification","timeoutSeconds":60,"environmentVariables":{"FIREBASE_CONFIG":"{\"projectId\":\"yushef-b3534\",\"storageBucket\":\"yushef-b3534.firebasestorage.app\"}","GCLOUD_PROJECT":"yushef-b3534","EVENTARC_CLOUD_EVENT_SOURCE":"projects/yushef-b3534/locations/us-central1/services/sendNudgeNotification","FUNCTION_SIGNATURE_TYPE":"cloudevent","FUNCTION_TARGET":"sendNudgeNotification","LOG_EXECUTION_ID":"true"},"maxInstanceCount":10,"ingressSettings":"ALLOW_ALL","uri":"https://sendnudgenotification-xuavpmukqq-uc.a.run.app","serviceAccountEmail":"891752164449-compute@developer.gserviceaccount.com","availableMemory":"256Mi","allTrafficOnLatestRevision":true,"revision":"sendnudgenotification-00001-noy","maxInstanceRequestConcurrency":80,"availableCpu":"1"},"eventTrigger":{"trigger":"projects/yushef-b3534/locations/eur3/triggers/sendnudgenotification-800920","triggerRegion":"eur3","eventType":"google.cloud.firestore.document.v1.created","eventFilters":[{"attribute":"database","value":"(default)"},{"attribute":"namespace","value":"(default)"},{"attribute":"document","value":"couples/{coupleId}/nudges/{nudgeId}","operator":"match-path-pattern"}],"pubsubTopic":"projects/yushef-b3534/topics/eventarc-eur3-sendnudgenotification-800920-465","serviceAccountEmail":"891752164449-compute@developer.gserviceaccount.com","retryPolicy":"RETRY_POLICY_DO_NOT_RETRY"},"state":"ACTIVE","labels":{"deployment-tool":"cli-firebase","firebase-functions-hash":"16d181cd28e3a71479c04c2352d7e216d8aa7fae"},"environment":"GEN_2","url":"https://us-central1-yushef-b3534.cloudfunctions.net/sendNudgeNotification","satisfiesPzi":true},"stages":[{"name":"BUILD","message":"Build finished","state":"COMPLETE","resource":"projects/891752164449/locations/us-central1/builds/2ddbd4b0-3b46-43fd-b01c-a906fabf51d9","resourceUri":"https://console.cloud.google.com/cloud-build/builds;region=us-central1/2ddbd4b0-3b46-43fd-b01c-a906fabf51d9?project=891752164449"},{"name":"SERVICE","message":"Updating Cloud Run service","state":"IN_PROGRESS","resource":"projects/yushef-b3534/locations/us-central1/services/sendnudgenotification","resourceUri":"https://console.cloud.google.com/run/detail/us-central1/sendnudgenotification?project=yushef-b3534","stateMessages":[{"severity":"INFO","type":"CloudRunServiceNewRevisionTrafficInfo","message":"A new revision will be deployed serving with 100% traffic."}]},{"name":"TRIGGER","state":"NOT_STARTED"}],"sourceToken":"Cldwcm9qZWN0cy84OTE3NTIxNjQ0NDkvbG9jYXRpb25zL3VzLWNlbnRyYWwxL2J1aWxkcy8yZGRiZDRiMC0zYjQ2LTQzZmQtYjAxYy1hOTA2ZmFiZjUxZDkSdHVzLWNlbnRyYWwxLWRvY2tlci5wa2cuZGV2L3l1c2hlZi1iMzUzNC9nY2YtYXJ0aWZhY3RzL3l1c2hlZi0tYjM1MzRfX3VzLS1jZW50cmFsMV9fc2VuZF9udWRnZV9ub3RpZmljYXRpb246dmVyc2lvbl8xGOHYyIT6GSJLcHJvamVjdHMveXVzaGVmLWIzNTM0L2xvY2F0aW9ucy91cy1jZW50cmFsMS9mdW5jdGlvbnMvc2VuZE51ZGdlTm90aWZpY2F0aW9uKgwIqZPizwYQiKvCqQIyCG5vZGVqczI0OnYKI2djci5pby9nYWUtcnVudGltZXMvbm9kZWpzMjQ6c3RhYmxlEk91cy1jZW50cmFsMS1kb2NrZXIucGtnLmRldi9zZXJ2ZXJsZXNzLXJ1bnRpbWVzL2dvb2dsZS0yNC1mdWxsL3J1bnRpbWVzL25vZGVqczI0QAE=","operationType":"UPDATE_FUNCTION","buildName":"projects/891752164449/locations/us-central1/builds/2ddbd4b0-3b46-43fd-b01c-a906fabf51d9"},"done":false}
[debug] [2026-05-04T11:57:33.186Z] Got source token Cldwcm9qZWN0cy84OTE3NTIxNjQ0NDkvbG9jYXRpb25zL3VzLWNlbnRyYWwxL2J1aWxkcy8yZGRiZDRiMC0zYjQ2LTQzZmQtYjAxYy1hOTA2ZmFiZjUxZDkSdHVzLWNlbnRyYWwxLWRvY2tlci5wa2cuZGV2L3l1c2hlZi1iMzUzNC9nY2YtYXJ0aWZhY3RzL3l1c2hlZi0tYjM1MzRfX3VzLS1jZW50cmFsMV9fc2VuZF9udWRnZV9ub3RpZmljYXRpb246dmVyc2lvbl8xGOHYyIT6GSJLcHJvamVjdHMveXVzaGVmLWIzNTM0L2xvY2F0aW9ucy91cy1jZW50cmFsMS9mdW5jdGlvbnMvc2VuZE51ZGdlTm90aWZpY2F0aW9uKgwIqZPizwYQiKvCqQIyCG5vZGVqczI0OnYKI2djci5pby9nYWUtcnVudGltZXMvbm9kZWpzMjQ6c3RhYmxlEk91cy1jZW50cmFsMS1kb2NrZXIucGtnLmRldi9zZXJ2ZXJsZXNzLXJ1bnRpbWVzL2dvb2dsZS0yNC1mdWxsL3J1bnRpbWVzL25vZGVqczI0QAE= for region us-central1
[debug] [2026-05-04T11:57:43.189Z] [update-default-us-central1-sendNudgeNotification] Retrying task index 0
[debug] [2026-05-04T11:57:43.191Z] Checked if tokens are valid: true, expires at: 1777899390020
[debug] [2026-05-04T11:57:43.191Z] Checked if tokens are valid: true, expires at: 1777899390020
[debug] [2026-05-04T11:57:43.192Z] >>> [apiv2][query] GET https://cloudfunctions.googleapis.com/v2/projects/yushef-b3534/locations/us-central1/operations/operation-1777895809541-650fca02ce596-35521215-0b0afab1 [none]
[debug] [2026-05-04T11:57:44.100Z] <<< [apiv2][status] GET https://cloudfunctions.googleapis.com/v2/projects/yushef-b3534/locations/us-central1/operations/operation-1777895809541-650fca02ce596-35521215-0b0afab1 200
[debug] [2026-05-04T11:57:44.101Z] <<< [apiv2][body] GET https://cloudfunctions.googleapis.com/v2/projects/yushef-b3534/locations/us-central1/operations/operation-1777895809541-650fca02ce596-35521215-0b0afab1 {"name":"projects/yushef-b3534/locations/us-central1/operations/operation-1777895809541-650fca02ce596-35521215-0b0afab1","metadata":{"@type":"type.googleapis.com/google.cloud.functions.v2.OperationMetadata","createTime":"2026-05-04T11:56:50.976706495Z","endTime":"2026-05-04T11:57:38.214628551Z","target":"projects/yushef-b3534/locations/us-central1/functions/sendNudgeNotification","verb":"update","cancelRequested":false,"apiVersion":"v2","requestResource":{"@type":"type.googleapis.com/google.cloud.functions.v2.Function","name":"projects/yushef-b3534/locations/us-central1/functions/sendNudgeNotification","buildConfig":{"runtime":"nodejs24","entryPoint":"sendNudgeNotification","source":{"storageSource":{"bucket":"gcf-v2-sources-891752164449-us-central1","object":"sendNudgeNotification/function-source.zip","generation":"1777895810930325"}},"environmentVariables":{"GOOGLE_NODE_RUN_SCRIPTS":""},"dockerRepository":"projects/yushef-b3534/locations/us-central1/repositories/gcf-artifacts","sourceProvenance":{"resolvedStorageSource":{"bucket":"gcf-v2-sources-891752164449-us-central1","object":"sendNudgeNotification/function-source.zip","generation":"1777894594650210"}},"dockerRegistry":"ARTIFACT_REGISTRY","serviceAccount":"projects/yushef-b3534/serviceAccounts/891752164449-compute@developer.gserviceaccount.com","automaticUpdatePolicy":{}},"serviceConfig":{"service":"projects/yushef-b3534/locations/us-central1/services/sendnudgenotification","timeoutSeconds":60,"environmentVariables":{"FIREBASE_CONFIG":"{\"projectId\":\"yushef-b3534\",\"storageBucket\":\"yushef-b3534.firebasestorage.app\"}","GCLOUD_PROJECT":"yushef-b3534","EVENTARC_CLOUD_EVENT_SOURCE":"projects/yushef-b3534/locations/us-central1/services/sendNudgeNotification","FUNCTION_SIGNATURE_TYPE":"cloudevent","FUNCTION_TARGET":"sendNudgeNotification","LOG_EXECUTION_ID":"true"},"maxInstanceCount":10,"ingressSettings":"ALLOW_ALL","uri":"https://sendnudgenotification-xuavpmukqq-uc.a.run.app","serviceAccountEmail":"891752164449-compute@developer.gserviceaccount.com","availableMemory":"256Mi","allTrafficOnLatestRevision":true,"revision":"sendnudgenotification-00001-noy","maxInstanceRequestConcurrency":80,"availableCpu":"1"},"eventTrigger":{"trigger":"projects/yushef-b3534/locations/eur3/triggers/sendnudgenotification-800920","triggerRegion":"eur3","eventType":"google.cloud.firestore.document.v1.created","eventFilters":[{"attribute":"database","value":"(default)"},{"attribute":"namespace","value":"(default)"},{"attribute":"document","value":"couples/{coupleId}/nudges/{nudgeId}","operator":"match-path-pattern"}],"pubsubTopic":"projects/yushef-b3534/topics/eventarc-eur3-sendnudgenotification-800920-465","serviceAccountEmail":"891752164449-compute@developer.gserviceaccount.com","retryPolicy":"RETRY_POLICY_DO_NOT_RETRY"},"state":"ACTIVE","labels":{"deployment-tool":"cli-firebase","firebase-functions-hash":"16d181cd28e3a71479c04c2352d7e216d8aa7fae"},"environment":"GEN_2","url":"https://us-central1-yushef-b3534.cloudfunctions.net/sendNudgeNotification","satisfiesPzi":true},"stages":[{"name":"BUILD","message":"Build finished","state":"COMPLETE","resource":"projects/891752164449/locations/us-central1/builds/2ddbd4b0-3b46-43fd-b01c-a906fabf51d9","resourceUri":"https://console.cloud.google.com/cloud-build/builds;region=us-central1/2ddbd4b0-3b46-43fd-b01c-a906fabf51d9?project=891752164449"},{"name":"SERVICE","message":"Updating Cloud Run service","state":"COMPLETE","resource":"projects/yushef-b3534/locations/us-central1/services/sendnudgenotification","resourceUri":"https://console.cloud.google.com/run/detail/us-central1/sendnudgenotification?project=yushef-b3534","stateMessages":[{"severity":"INFO","type":"CloudRunServiceNewRevisionTrafficInfo","message":"A new revision will be deployed serving with 100% traffic."}]},{"name":"TRIGGER","state":"NOT_STARTED"}],"sourceToken":"Cldwcm9qZWN0cy84OTE3NTIxNjQ0NDkvbG9jYXRpb25zL3VzLWNlbnRyYWwxL2J1aWxkcy8yZGRiZDRiMC0zYjQ2LTQzZmQtYjAxYy1hOTA2ZmFiZjUxZDkSdHVzLWNlbnRyYWwxLWRvY2tlci5wa2cuZGV2L3l1c2hlZi1iMzUzNC9nY2YtYXJ0aWZhY3RzL3l1c2hlZi0tYjM1MzRfX3VzLS1jZW50cmFsMV9fc2VuZF9udWRnZV9ub3RpZmljYXRpb246dmVyc2lvbl8xGOHYyIT6GSJLcHJvamVjdHMveXVzaGVmLWIzNTM0L2xvY2F0aW9ucy91cy1jZW50cmFsMS9mdW5jdGlvbnMvc2VuZE51ZGdlTm90aWZpY2F0aW9uKgwIqZPizwYQiKvCqQIyCG5vZGVqczI0OnYKI2djci5pby9nYWUtcnVudGltZXMvbm9kZWpzMjQ6c3RhYmxlEk91cy1jZW50cmFsMS1kb2NrZXIucGtnLmRldi9zZXJ2ZXJsZXNzLXJ1bnRpbWVzL2dvb2dsZS0yNC1mdWxsL3J1bnRpbWVzL25vZGVqczI0QAE=","operationType":"UPDATE_FUNCTION","buildName":"projects/891752164449/locations/us-central1/builds/2ddbd4b0-3b46-43fd-b01c-a906fabf51d9"},"done":true,"response":{"@type":"type.googleapis.com/google.cloud.functions.v2.Function","name":"projects/yushef-b3534/locations/us-central1/functions/sendNudgeNotification","buildConfig":{"build":"projects/891752164449/locations/us-central1/builds/2ddbd4b0-3b46-43fd-b01c-a906fabf51d9","runtime":"nodejs24","entryPoint":"sendNudgeNotification","source":{"storageSource":{"bucket":"gcf-v2-sources-891752164449-us-central1","object":"sendNudgeNotification/function-source.zip","generation":"1777895810930325"}},"environmentVariables":{"GOOGLE_NODE_RUN_SCRIPTS":""},"dockerRepository":"projects/yushef-b3534/locations/us-central1/repositories/gcf-artifacts","sourceProvenance":{"resolvedStorageSource":{"bucket":"gcf-v2-sources-891752164449-us-central1","object":"sendNudgeNotification/function-source.zip","generation":"1777895810930325"}},"dockerRegistry":"ARTIFACT_REGISTRY","serviceAccount":"projects/yushef-b3534/serviceAccounts/891752164449-compute@developer.gserviceaccount.com","automaticUpdatePolicy":{}},"serviceConfig":{"service":"projects/yushef-b3534/locations/us-central1/services/sendnudgenotification","timeoutSeconds":60,"environmentVariables":{"FIREBASE_CONFIG":"{\"projectId\":\"yushef-b3534\",\"storageBucket\":\"yushef-b3534.firebasestorage.app\"}","GCLOUD_PROJECT":"yushef-b3534","EVENTARC_CLOUD_EVENT_SOURCE":"projects/yushef-b3534/locations/us-central1/services/sendNudgeNotification","FUNCTION_SIGNATURE_TYPE":"cloudevent","FUNCTION_TARGET":"sendNudgeNotification","LOG_EXECUTION_ID":"true"},"maxInstanceCount":10,"ingressSettings":"ALLOW_ALL","uri":"https://sendnudgenotification-xuavpmukqq-uc.a.run.app","serviceAccountEmail":"891752164449-compute@developer.gserviceaccount.com","availableMemory":"256Mi","allTrafficOnLatestRevision":true,"revision":"sendnudgenotification-00002-waz","maxInstanceRequestConcurrency":80,"availableCpu":"1"},"eventTrigger":{"trigger":"projects/yushef-b3534/locations/eur3/triggers/sendnudgenotification-800920","triggerRegion":"eur3","eventType":"google.cloud.firestore.document.v1.created","eventFilters":[{"attribute":"document","value":"couples/{coupleId}/nudges/{nudgeId}","operator":"match-path-pattern"},{"attribute":"database","value":"(default)"},{"attribute":"namespace","value":"(default)"}],"pubsubTopic":"projects/yushef-b3534/topics/eventarc-eur3-sendnudgenotification-800920-465","serviceAccountEmail":"891752164449-compute@developer.gserviceaccount.com","retryPolicy":"RETRY_POLICY_DO_NOT_RETRY"},"state":"ACTIVE","updateTime":"2026-05-04T11:56:50.979371395Z","labels":{"deployment-tool":"cli-firebase","firebase-functions-hash":"16d181cd28e3a71479c04c2352d7e216d8aa7fae"},"environment":"GEN_2","url":"https://us-central1-yushef-b3534.cloudfunctions.net/sendNudgeNotification","createTime":"2026-05-04T11:36:42.915783437Z","satisfiesPzi":true}}
[debug] [2026-05-04T11:57:44.101Z] Got source token Cldwcm9qZWN0cy84OTE3NTIxNjQ0NDkvbG9jYXRpb25zL3VzLWNlbnRyYWwxL2J1aWxkcy8yZGRiZDRiMC0zYjQ2LTQzZmQtYjAxYy1hOTA2ZmFiZjUxZDkSdHVzLWNlbnRyYWwxLWRvY2tlci5wa2cuZGV2L3l1c2hlZi1iMzUzNC9nY2YtYXJ0aWZhY3RzL3l1c2hlZi0tYjM1MzRfX3VzLS1jZW50cmFsMV9fc2VuZF9udWRnZV9ub3RpZmljYXRpb246dmVyc2lvbl8xGOHYyIT6GSJLcHJvamVjdHMveXVzaGVmLWIzNTM0L2xvY2F0aW9ucy91cy1jZW50cmFsMS9mdW5jdGlvbnMvc2VuZE51ZGdlTm90aWZpY2F0aW9uKgwIqZPizwYQiKvCqQIyCG5vZGVqczI0OnYKI2djci5pby9nYWUtcnVudGltZXMvbm9kZWpzMjQ6c3RhYmxlEk91cy1jZW50cmFsMS1kb2NrZXIucGtnLmRldi9zZXJ2ZXJsZXNzLXJ1bnRpbWVzL2dvb2dsZS0yNC1mdWxsL3J1bnRpbWVzL25vZGVqczI0QAE= for region us-central1
[info] ✔  functions[sendNudgeNotification(us-central1)] Successful update operation. 
[debug] [2026-05-04T11:57:44.114Z] Total Function Deployment time: 55321
[debug] [2026-05-04T11:57:44.115Z] 1 Functions Deployed
[debug] [2026-05-04T11:57:44.115Z] 0 Functions Errored
[debug] [2026-05-04T11:57:44.116Z] 0 Function Deployments Aborted
[debug] [2026-05-04T11:57:44.116Z] Average Function Deployment time: 55319
[debug] [2026-05-04T11:57:44.397Z] Checked if tokens are valid: true, expires at: 1777899390020
[debug] [2026-05-04T11:57:44.398Z] Checked if tokens are valid: true, expires at: 1777899390020
[debug] [2026-05-04T11:57:44.398Z] >>> [apiv2][query] GET https://artifactregistry.googleapis.com/v1/projects/yushef-b3534/locations/us-central1/repositories/gcf-artifacts [none]
[debug] [2026-05-04T11:57:45.414Z] <<< [apiv2][status] GET https://artifactregistry.googleapis.com/v1/projects/yushef-b3534/locations/us-central1/repositories/gcf-artifacts 200
[debug] [2026-05-04T11:57:45.415Z] <<< [apiv2][body] GET https://artifactregistry.googleapis.com/v1/projects/yushef-b3534/locations/us-central1/repositories/gcf-artifacts {"name":"projects/yushef-b3534/locations/us-central1/repositories/gcf-artifacts","format":"DOCKER","description":"This repository is created and used by Cloud Functions for storing function docker images.","labels":{"goog-managed-by":"cloudfunctions"},"createTime":"2026-05-04T11:37:04.075185Z","updateTime":"2026-05-04T11:57:22.722309Z","mode":"STANDARD_REPOSITORY","sizeBytes":"119328829","vulnerabilityScanningConfig":{"lastEnableTime":"2026-05-04T11:36:43.149788525Z","enablementState":"SCANNING_DISABLED","enablementStateReason":"API containerscanning.googleapis.com is not enabled."},"satisfiesPzi":true,"registryUri":"us-central1-docker.pkg.dev/yushef-b3534/gcf-artifacts"}
[warn] ⚠  functions: No cleanup policy detected for repositories in us-central1. This may result in a small monthly bill as container images accumulate over time. 
[error] 
[error] Error: Functions successfully deployed but could not set up cleanup policy in location us-central1. Pass the --force option to automatically set up a cleanup policy or run 'firebase functions:artifacts:setpolicy' to manually set up a cleanup policy.
